V_r,I_ub,I_b,I_Ï†
0.0,-11.944999999999999,0.003,-11.941999999999998
0.001200800533689126,-11.944999999999999,0.003,-11.941999999999998
0.002401601067378252,-11.943,0.003,-11.94
0.003602401601067378,-11.942,0.003,-11.939
0.004803202134756504,-11.942,0.003,-11.939
0.00600400266844563,-11.944999999999999,0.003,-11.941999999999998
0.007204803202134756,-11.946,0.003,-11.943
0.008405603735823882,-11.944999999999999,0.003,-11.941999999999998
0.009606404269513008,-11.947,0.003,-11.943999999999999
0.010807204803202134,-11.949,0.003,-11.946
0.01200800533689126,-11.95,0.003,-11.947
0.013208805870580386,-11.952,0.003,-11.949
0.014409606404269512,-11.952,0.003,-11.949
0.015610406937958638,-11.950999999999999,0.003,-11.947999999999999
0.016811207471647764,-11.953999999999999,0.003,-11.950999999999999
0.01801200800533689,-11.956,0.003,-11.953
0.019212808539026016,-11.956,0.003,-11.953
0.020413609072715142,-11.958,0.003,-11.955
0.021614409606404268,-11.958,0.003,-11.955
0.022815210140093394,-11.959999999999999,0.003,-11.956999999999999
0.02401601067378252,-11.962,0.003,-11.959
0.025216811207471646,-11.960999999999999,0.003,-11.957999999999998
0.026417611741160772,-11.962,0.003,-11.959
0.027618412274849898,-11.965,0.003,-11.962
0.028819212808539024,-11.966,0.003,-11.963
0.03002001334222815,-11.966999999999999,0.003,-11.963999999999999
0.031220813875917276,-11.968,0.003,-11.965
0.032421614409606406,-11.969999999999999,0.003,-11.966999999999999
0.03362241494329553,-11.972,0.003,-11.969
0.03482321547698465,-11.972,0.003,-11.969
0.03602401601067378,-11.972,0.003,-11.969
0.03722481654436291,-11.975,0.003,-11.972
0.03842561707805203,-11.975999999999999,0.003,-11.972999999999999
0.039626417611741155,-11.979,0.003,-11.975999999999999
0.040827218145430284,-11.976999999999999,0.003,-11.973999999999998
0.042028018679119414,-11.979999999999999,0.003,-11.976999999999999
0.043228819212808536,-11.979,0.003,-11.975999999999999
0.04442961974649766,-11.982999999999999,0.003,-11.979999999999999
0.04563042028018679,-11.981,0.003,-11.978
0.04683122081387592,-11.984,0.003,-11.981
0.04803202134756504,-11.985,0.003,-11.982
0.04923282188125416,-11.987,0.003,-11.984
0.05043362241494329,-11.987,0.003,-11.984
0.05163442294863242,-11.988999999999999,0.003,-11.985999999999999
0.052835223482321544,-11.99,0.003,-11.987
0.05403602401601067,-11.992999999999999,0.003,-11.989999999999998
0.055236824549699796,-11.991999999999999,0.003,-11.988999999999999
0.056437625083388926,-11.994,0.003,-11.991
0.05763842561707805,-11.995999999999999,0.003,-11.992999999999999
0.05883922615076717,-11.995999999999999,0.003,-11.992999999999999
0.0600400266844563,-11.998999999999999,0.003,-11.995999999999999
0.06124082721814543,-11.998,0.003,-11.995
0.06244162775183455,-12.0,0.003,-11.997
0.06364242828552368,-12.001999999999999,0.003,-11.998999999999999
0.06484322881921281,-12.001999999999999,0.003,-11.998999999999999
0.06604402935290193,-12.004999999999999,0.003,-12.001999999999999
0.06724482988659106,-12.007,0.003,-12.004
0.06844563042028018,-12.007,0.003,-12.004
0.0696464309539693,-12.006,0.003,-12.003
0.07084723148765844,-12.008999999999999,0.003,-12.005999999999998
0.07204803202134756,-12.011999999999999,0.003,-12.008999999999999
0.07324883255503668,-12.013,0.003,-12.01
0.07444963308872582,-12.014,0.003,-12.011
0.07565043362241494,-12.014,0.003,-12.011
0.07685123415610406,-12.014,0.003,-12.011
0.07805203468979319,-12.014999999999999,0.003,-12.011999999999999
0.07925283522348231,-12.017,0.003,-12.014
0.08045363575717145,-12.019,0.003,-12.016
0.08165443629086057,-12.02,0.003,-12.017
0.08285523682454969,-12.020999999999999,0.003,-12.017999999999999
0.08405603735823883,-12.020999999999999,0.003,-12.017999999999999
0.08525683789192795,-12.024,0.003,-12.020999999999999
0.08645763842561707,-12.023,0.003,-12.02
0.0876584389593062,-12.023,0.003,-12.02
0.08885923949299532,-12.027999999999999,0.003,-12.024999999999999
0.09006004002668445,-12.03,0.003,-12.027
0.09126084056037358,-12.030999999999999,0.003,-12.027999999999999
0.0924616410940627,-12.03,0.003,-12.027
0.09366244162775184,-12.033,0.003,-12.03
0.09486324216144096,-12.032,0.003,-12.029
0.09606404269513008,-12.035,0.003,-12.032
0.0972648432288192,-12.036999999999999,0.003,-12.033999999999999
0.09846564376250833,-12.036,0.003,-12.033
0.09966644429619746,-12.038,0.003,-12.035
0.10086724482988658,-12.04,0.003,-12.036999999999999
0.10206804536357571,-12.043,0.003,-12.04
0.10326884589726484,-12.043,0.003,-12.04
0.10446964643095397,-12.042,0.003,-12.039
0.10567044696464309,-12.046,0.003,-12.043
0.10687124749833221,-12.046999999999999,0.003,-12.043999999999999
0.10807204803202133,-12.046,0.003,-12.043
0.10927284856571047,-12.046999999999999,0.003,-12.043999999999999
0.11047364909939959,-12.051,0.003,-12.048
0.11167444963308872,-12.049999999999999,0.003,-12.046999999999999
0.11287525016677785,-12.051,0.003,-12.048
0.11407605070046697,-12.053999999999998,0.003,-12.050999999999998
0.1152768512341561,-12.056,0.003,-12.052999999999999
0.11647765176784522,-12.053999999999998,0.003,-12.050999999999998
0.11767845230153434,-12.056,0.003,-12.052999999999999
0.11887925283522348,-12.059,0.003,-12.056
0.1200800533689126,-12.059999999999999,0.003,-12.056999999999999
0.12128085390260172,-12.061,0.003,-12.058
0.12248165443629086,-12.062,0.003,-12.059
0.12368245496997998,-12.062999999999999,0.003,-12.059999999999999
0.1248832555036691,-12.062999999999999,0.003,-12.059999999999999
0.12608405603735823,-12.068,0.003,-12.065
0.12728485657104735,-12.067,0.003,-12.064
0.12848565710473647,-12.068,0.003,-12.065
0.12968645763842562,-12.065999999999999,0.003,-12.062999999999999
0.13088725817211475,-12.068999999999999,0.003,-12.065999999999999
0.13208805870580387,-12.069999999999999,0.003,-12.066999999999998
0.133288859239493,-12.072,0.003,-12.068999999999999
0.1344896597731821,-12.072999999999999,0.003,-12.069999999999999
0.13569046030687124,-12.074,0.003,-12.071
0.13689126084056036,-12.077,0.003,-12.074
0.13809206137424948,-12.078,0.003,-12.075
0.1392928619079386,-12.08,0.003,-12.077
0.14049366244162775,-12.081999999999999,0.003,-12.078999999999999
0.14169446297531688,-12.083,0.003,-12.08
0.142895263509006,-12.083,0.003,-12.08
0.14409606404269512,-12.083,0.003,-12.08
0.14529686457638424,-12.084999999999999,0.003,-12.081999999999999
0.14649766511007337,-12.087,0.003,-12.084
0.1476984656437625,-12.087,0.003,-12.084
0.14889926617745164,-12.088,0.003,-12.084999999999999
0.15010006671114076,-12.091,0.003,-12.088
0.15130086724482988,-12.091,0.003,-12.088
0.152501667778519,-12.093,0.003,-12.09
0.15370246831220813,-12.093,0.003,-12.09
0.15490326884589725,-12.094,0.003,-12.091
0.15610406937958637,-12.097,0.003,-12.094
0.1573048699132755,-12.097,0.003,-12.094
0.15850567044696462,-12.096,0.003,-12.093
0.15970647098065377,-12.097999999999999,0.003,-12.094999999999999
0.1609072715143429,-12.103,0.003,-12.1
0.16210807204803201,-12.103,0.003,-12.1
0.16330887258172114,-12.104,0.003,-12.100999999999999
0.16450967311541026,-12.104999999999999,0.003,-12.101999999999999
0.16571047364909938,-12.106,0.003,-12.103
0.1669112741827885,-12.107,0.003,-12.104
0.16811207471647766,-12.109,0.003,-12.106
0.16931287525016678,-12.107999999999999,0.003,-12.104999999999999
0.1705136757838559,-12.113,0.003,-12.11
0.17171447631754502,-12.11,0.003,-12.107
0.17291527685123415,-12.112,0.003,-12.109
0.17411607738492327,-12.115,0.003,-12.112
0.1753168779186124,-12.115,0.003,-12.112
0.1765176784523015,-12.116,0.003,-12.113
0.17771847898599064,-12.119,0.003,-12.116
0.17891927951967979,-12.117999999999999,0.003,-12.114999999999998
0.1801200800533689,-12.122,0.003,-12.119
0.18132088058705803,-12.122,0.003,-12.119
0.18252168112074715,-12.122,0.003,-12.119
0.18372248165443628,-12.123,0.003,-12.12
0.1849232821881254,-12.123999999999999,0.003,-12.120999999999999
0.18612408272181452,-12.125,0.003,-12.122
0.18732488325550367,-12.126999999999999,0.003,-12.123999999999999
0.1885256837891928,-12.126,0.003,-12.123
0.18972648432288192,-12.128,0.003,-12.125
0.19092728485657104,-12.131,0.003,-12.128
0.19212808539026016,-12.129999999999999,0.003,-12.126999999999999
0.19332888592394928,-12.133999999999999,0.003,-12.130999999999998
0.1945296864576384,-12.133,0.003,-12.129999999999999
0.19573048699132753,-12.133,0.003,-12.129999999999999
0.19693128752501665,-12.133999999999999,0.003,-12.130999999999998
0.1981320880587058,-12.135,0.003,-12.132
0.19933288859239492,-12.135,0.003,-12.132
0.20053368912608405,-12.138,0.003,-12.135
0.20173448965977317,-12.139999999999999,0.003,-12.136999999999999
0.2029352901934623,-12.139,0.003,-12.136
0.20413609072715141,-12.142999999999999,0.003,-12.139999999999999
0.20533689126084054,-12.144,0.003,-12.141
0.2065376917945297,-12.145999999999999,0.003,-12.142999999999999
0.2077384923282188,-12.145,0.003,-12.142
0.20893929286190793,-12.145,0.003,-12.142
0.21014009339559706,-12.149999999999999,0.003,-12.146999999999998
0.21134089392928618,-12.152,0.003,-12.149
0.2125416944629753,-12.149,0.003,-12.145999999999999
0.21374249499666442,-12.151,0.003,-12.148
0.21494329553035355,-12.152999999999999,0.003,-12.149999999999999
0.21614409606404267,-12.154,0.003,-12.151
0.21734489659773182,-12.155999999999999,0.003,-12.152999999999999
0.21854569713142094,-12.155999999999999,0.003,-12.152999999999999
0.21974649766511006,-12.157,0.003,-12.154
0.22094729819879919,-12.161,0.003,-12.158
0.2221480987324883,-12.158999999999999,0.003,-12.155999999999999
0.22334889926617743,-12.161999999999999,0.003,-12.158999999999999
0.22454969979986655,-12.161999999999999,0.003,-12.158999999999999
0.2257505003335557,-12.161999999999999,0.003,-12.158999999999999
0.22695130086724483,-12.165999999999999,0.003,-12.162999999999998
0.22815210140093395,-12.167,0.003,-12.164
0.22935290193462307,-12.168999999999999,0.003,-12.165999999999999
0.2305537024683122,-12.168999999999999,0.003,-12.165999999999999
0.23175450300200132,-12.168999999999999,0.003,-12.165999999999999
0.23295530353569044,-12.171999999999999,0.003,-12.168999999999999
0.23415610406937956,-12.173,0.003,-12.17
0.23535690460306868,-12.173,0.003,-12.17
0.23655770513675783,-12.177,0.003,-12.174
0.23775850567044696,-12.176,0.003,-12.173
0.23895930620413608,-12.177999999999999,0.003,-12.174999999999999
0.2401601067378252,-12.18,0.003,-12.177
0.24136090727151432,-12.181,0.003,-12.177999999999999
0.24256170780520345,-12.181999999999999,0.003,-12.178999999999998
0.24376250833889257,-12.181,0.003,-12.177999999999999
0.24496330887258172,-12.181999999999999,0.003,-12.178999999999998
0.24616410940627084,-12.186,0.003,-12.183
0.24736490993995996,-12.184999999999999,0.003,-12.181999999999999
0.2485657104736491,-12.186,0.003,-12.183
0.2497665110073382,-12.189,0.003,-12.186
0.25096731154102736,-12.189,0.003,-12.186
0.25216811207471646,-12.192,0.003,-12.189
0.2533689126084056,-12.192,0.003,-12.189
0.2545697131420947,-12.193999999999999,0.003,-12.190999999999999
0.25577051367578385,-12.193999999999999,0.003,-12.190999999999999
0.25697131420947295,-12.195,0.003,-12.192
0.2581721147431621,-12.196,0.003,-12.193
0.25937291527685125,-12.2,0.003,-12.197
0.26057371581054034,-12.2,0.003,-12.197
0.2617745163442295,-12.200999999999999,0.003,-12.197999999999999
0.2629753168779186,-12.202,0.003,-12.199
0.26417611741160774,-12.203999999999999,0.003,-12.200999999999999
0.26537691794529683,-12.203,0.003,-12.2
0.266577718478986,-12.203,0.003,-12.2
0.2677785190126751,-12.206,0.003,-12.203
0.2689793195463642,-12.206,0.003,-12.203
0.2701801200800534,-12.209,0.003,-12.206
0.27138092061374247,-12.210999999999999,0.003,-12.207999999999998
0.2725817211474316,-12.213,0.003,-12.209999999999999
0.2737825216811207,-12.213,0.003,-12.209999999999999
0.27498332221480987,-12.212,0.003,-12.209
0.27618412274849896,-12.216999999999999,0.003,-12.213999999999999
0.2773849232821881,-12.219,0.003,-12.216
0.2785857238158772,-12.219999999999999,0.003,-12.216999999999999
0.27978652434956636,-12.221,0.003,-12.218
0.2809873248832555,-12.221,0.003,-12.218
0.2821881254169446,-12.222999999999999,0.003,-12.219999999999999
0.28338892595063375,-12.224,0.003,-12.221
0.28458972648432285,-12.225,0.003,-12.222
0.285790527018012,-12.225,0.003,-12.222
0.2869913275517011,-12.228,0.003,-12.225
0.28819212808539024,-12.229,0.003,-12.225999999999999
0.2893929286190794,-12.228,0.003,-12.225
0.2905937291527685,-12.231,0.003,-12.228
0.29179452968645764,-12.229999999999999,0.003,-12.226999999999999
0.29299533022014673,-12.232999999999999,0.003,-12.229999999999999
0.2941961307538359,-12.232999999999999,0.003,-12.229999999999999
0.295396931287525,-12.235999999999999,0.003,-12.232999999999999
0.29659773182121413,-12.237,0.003,-12.234
0.2977985323549033,-12.237,0.003,-12.234
0.2989993328885924,-12.237,0.003,-12.234
0.3002001334222815,-12.24,0.003,-12.237
0.3014009339559706,-12.241999999999999,0.003,-12.238999999999999
0.30260173448965977,-12.242999999999999,0.003,-12.239999999999998
0.30380253502334886,-12.245,0.003,-12.241999999999999
0.305003335557038,-12.245999999999999,0.003,-12.242999999999999
0.3062041360907271,-12.244,0.003,-12.241
0.30740493662441626,-12.248999999999999,0.003,-12.245999999999999
0.3086057371581054,-12.25,0.003,-12.247
0.3098065376917945,-12.248,0.003,-12.245
0.31100733822548365,-12.251,0.003,-12.248
0.31220813875917275,-12.253,0.003,-12.25
0.3134089392928619,-12.251999999999999,0.003,-12.248999999999999
0.314609739826551,-12.256,0.003,-12.253
0.31581054036024014,-12.254999999999999,0.003,-12.251999999999999
0.31701134089392924,-12.258999999999999,0.003,-12.255999999999998
0.3182121414276184,-12.26,0.003,-12.257
0.31941294196130754,-12.258,0.003,-12.254999999999999
0.32061374249499663,-12.263,0.003,-12.26
0.3218145430286858,-12.261,0.003,-12.258
0.3230153435623749,-12.263,0.003,-12.26
0.32421614409606403,-12.264,0.003,-12.261
0.3254169446297531,-12.267,0.003,-12.264
0.3266177451634423,-12.266,0.003,-12.263
0.3278185456971314,-12.269,0.003,-12.266
0.3290193462308205,-12.27,0.003,-12.267
0.33022014676450967,-12.270999999999999,0.003,-12.267999999999999
0.33142094729819876,-12.270999999999999,0.003,-12.267999999999999
0.3326217478318879,-12.274999999999999,0.003,-12.271999999999998
0.333822548365577,-12.274,0.003,-12.270999999999999
0.33502334889926616,-12.274999999999999,0.003,-12.271999999999998
0.3362241494329553,-12.277999999999999,0.003,-12.274999999999999
0.3374249499666444,-12.277999999999999,0.003,-12.274999999999999
0.33862575050033356,-12.277999999999999,0.003,-12.274999999999999
0.33982655103402265,-12.28,0.003,-12.277
0.3410273515677118,-12.283,0.003,-12.28
0.3422281521014009,-12.283,0.003,-12.28
0.34342895263509005,-12.283,0.003,-12.28
0.34462975316877914,-12.285,0.003,-12.282
0.3458305537024683,-12.285,0.003,-12.282
0.34703135423615744,-12.286999999999999,0.003,-12.283999999999999
0.34823215476984654,-12.290999999999999,0.003,-12.287999999999998
0.3494329553035357,-12.289,0.003,-12.286
0.3506337558372248,-12.29,0.003,-12.286999999999999
0.35183455637091393,-12.293,0.003,-12.29
0.353035356904603,-12.295,0.003,-12.292
0.3542361574382922,-12.296,0.003,-12.293
0.35543695797198127,-12.299,0.003,-12.296
0.3566377585056704,-12.296,0.003,-12.293
0.35783855903935957,-12.299999999999999,0.003,-12.296999999999999
0.35903935957304867,-12.299,0.003,-12.296
0.3602401601067378,-12.302,0.003,-12.299
0.3614409606404269,-12.302999999999999,0.003,-12.299999999999999
0.36264176117411606,-12.305,0.003,-12.302
0.36384256170780516,-12.305,0.003,-12.302
0.3650433622414943,-12.306999999999999,0.003,-12.303999999999998
0.36624416277518346,-12.308,0.003,-12.305
0.36744496330887255,-12.309999999999999,0.003,-12.306999999999999
0.3686457638425617,-12.309,0.003,-12.306
0.3698465643762508,-12.309,0.003,-12.306
0.37104736490993995,-12.312,0.003,-12.309
0.37224816544362904,-12.311,0.003,-12.308
0.3734489659773182,-12.314,0.003,-12.311
0.37464976651100734,-12.315,0.003,-12.312
0.37585056704469644,-12.314,0.003,-12.311
0.3770513675783856,-12.315,0.003,-12.312
0.3782521681120747,-12.315999999999999,0.003,-12.312999999999999
0.37945296864576383,-12.317,0.003,-12.314
0.3806537691794529,-12.318,0.003,-12.315
0.3818545697131421,-12.322,0.003,-12.318999999999999
0.3830553702468312,-12.322999999999999,0.003,-12.319999999999999
0.3842561707805203,-12.322999999999999,0.003,-12.319999999999999
0.3854569713142095,-12.324,0.003,-12.321
0.38665777184789857,-12.324,0.003,-12.321
0.3878585723815877,-12.325999999999999,0.003,-12.322999999999999
0.3890593729152768,-12.33,0.003,-12.327
0.39026017344896596,-12.328,0.003,-12.325
0.39146097398265506,-12.33,0.003,-12.327
0.3926617745163442,-12.331,0.003,-12.328
0.3938625750500333,-12.331,0.003,-12.328
0.39506337558372245,-12.334999999999999,0.003,-12.331999999999999
0.3962641761174116,-12.334,0.003,-12.331
0.3974649766511007,-12.337,0.003,-12.334
0.39866577718478985,-12.337,0.003,-12.334
0.39986657771847894,-12.338,0.003,-12.334999999999999
0.4010673782521681,-12.341999999999999,0.003,-12.338999999999999
0.4022681787858572,-12.343,0.003,-12.34
0.40346897931954634,-12.341999999999999,0.003,-12.338999999999999
0.4046697798532355,-12.343,0.003,-12.34
0.4058705803869246,-12.344,0.003,-12.341
0.40707138092061373,-12.347,0.003,-12.344
0.40827218145430283,-12.349,0.003,-12.346
0.409472981987992,-12.35,0.003,-12.347
0.4106737825216811,-12.350999999999999,0.003,-12.347999999999999
0.4118745830553702,-12.350999999999999,0.003,-12.347999999999999
0.4130753835890594,-12.351999999999999,0.003,-12.348999999999998
0.41427618412274847,-12.354999999999999,0.003,-12.351999999999999
0.4154769846564376,-12.353,0.003,-12.35
0.4166777851901267,-12.357999999999999,0.003,-12.354999999999999
0.41787858572381587,-12.356,0.003,-12.353
0.41907938625750496,-12.36,0.003,-12.357
0.4202801867911941,-12.359,0.003,-12.356
0.4214809873248832,-12.359,0.003,-12.356
0.42268178785857236,-12.363,0.003,-12.36
0.4238825883922615,-12.363999999999999,0.003,-12.360999999999999
0.4250833889259506,-12.365,0.003,-12.362
0.42628418945963975,-12.367999999999999,0.003,-12.364999999999998
0.42748498999332885,-12.366,0.003,-12.363
0.428685790527018,-12.369,0.003,-12.366
0.4298865910607071,-12.37,0.003,-12.366999999999999
0.43108739159439624,-12.37,0.003,-12.366999999999999
0.43228819212808534,-12.372,0.003,-12.369
0.4334889926617745,-12.373999999999999,0.003,-12.370999999999999
0.43468979319546364,-12.373999999999999,0.003,-12.370999999999999
0.43589059372915273,-12.376999999999999,0.003,-12.373999999999999
0.4370913942628419,-12.376,0.003,-12.373
0.438292194796531,-12.378,0.003,-12.375
0.4394929953302201,-12.378,0.003,-12.375
0.4406937958639092,-12.379,0.003,-12.376
0.44189459639759837,-12.379999999999999,0.003,-12.376999999999999
0.4430953969312875,-12.386,0.003,-12.383
0.4442961974649766,-12.383999999999999,0.003,-12.380999999999998
0.44549699799866577,-12.383999999999999,0.003,-12.380999999999998
0.44669779853235486,-12.385,0.003,-12.382
0.447898599066044,-12.386,0.003,-12.383
0.4490993995997331,-12.389,0.003,-12.386
0.45030020013342226,-12.389999999999999,0.003,-12.386999999999999
0.4515010006671114,-12.389999999999999,0.003,-12.386999999999999
0.4527018012008005,-12.392999999999999,0.003,-12.389999999999999
0.45390260173448965,-12.392,0.003,-12.389
0.45510340226817875,-12.394,0.003,-12.391
0.4563042028018679,-12.395999999999999,0.003,-12.392999999999999
0.457505003335557,-12.396999999999998,0.003,-12.393999999999998
0.45870580386924614,-12.396999999999998,0.003,-12.393999999999998
0.45990660440293524,-12.399999999999999,0.003,-12.396999999999998
0.4611074049366244,-12.402,0.003,-12.399
0.46230820547031354,-12.402999999999999,0.003,-12.399999999999999
0.46350900600400263,-12.404,0.003,-12.401
0.4647098065376918,-12.405,0.003,-12.402
0.4659106070713809,-12.407,0.003,-12.404
0.46711140760507003,-12.407,0.003,-12.404
0.4683122081387591,-12.408,0.003,-12.405
0.4695130086724483,-12.408999999999999,0.003,-12.405999999999999
0.47071380920613737,-12.411999999999999,0.003,-12.408999999999999
0.4719146097398265,-12.411,0.003,-12.408
0.47311541027351567,-12.414,0.003,-12.411
0.47431621080720476,-12.414,0.003,-12.411
0.4755170113408939,-12.418,0.003,-12.415
0.476717811874583,-12.415999999999999,0.003,-12.412999999999998
0.47791861240827216,-12.418,0.003,-12.415
0.47911941294196125,-12.421,0.003,-12.418
0.4803202134756504,-12.421,0.003,-12.418
0.48152101400933955,-12.423,0.003,-12.42
0.48272181454302865,-12.421999999999999,0.003,-12.418999999999999
0.4839226150767178,-12.424999999999999,0.003,-12.421999999999999
0.4851234156104069,-12.426,0.003,-12.423
0.48632421614409604,-12.427,0.003,-12.424
0.48752501667778514,-12.427,0.003,-12.424
0.4887258172114743,-12.43,0.003,-12.427
0.48992661774516344,-12.427999999999999,0.003,-12.424999999999999
0.49112741827885253,-12.433,0.003,-12.43
0.4923282188125417,-12.434,0.003,-12.431
0.4935290193462308,-12.433,0.003,-12.43
0.49472981987991993,-12.434,0.003,-12.431
0.495930620413609,-12.437999999999999,0.003,-12.434999999999999
0.4971314209472982,-12.439,0.003,-12.436
0.49833222148098727,-12.44,0.003,-12.437
0.4995330220146764,-12.44,0.003,-12.437
0.5007338225483655,-12.44,0.003,-12.437
0.5019346230820547,-12.442,0.003,-12.439
0.5031354236157438,-12.445,0.003,-12.442
0.5043362241494329,-12.445,0.003,-12.442
0.505537024683122,-12.446,0.003,-12.443
0.5067378252168112,-12.445,0.003,-12.442
0.5079386257505003,-12.447,0.003,-12.443999999999999
0.5091394262841894,-12.450999999999999,0.003,-12.447999999999999
0.5103402268178786,-12.452,0.003,-12.449
0.5115410273515677,-12.452,0.003,-12.449
0.5127418278852568,-12.453999999999999,0.003,-12.450999999999999
0.5139426284189459,-12.456,0.003,-12.453
0.5151434289526351,-12.456,0.003,-12.453
0.5163442294863242,-12.456999999999999,0.003,-12.453999999999999
0.5175450300200133,-12.456,0.003,-12.453
0.5187458305537025,-12.459999999999999,0.003,-12.456999999999999
0.5199466310873916,-12.460999999999999,0.003,-12.457999999999998
0.5211474316210807,-12.463999999999999,0.003,-12.460999999999999
0.5223482321547698,-12.463,0.003,-12.459999999999999
0.523549032688459,-12.466,0.003,-12.463
0.5247498332221481,-12.466999999999999,0.003,-12.463999999999999
0.5259506337558372,-12.465,0.003,-12.462
0.5271514342895263,-12.469,0.003,-12.466
0.5283522348232155,-12.468,0.003,-12.465
0.5295530353569046,-12.468,0.003,-12.465
0.5307538358905937,-12.472,0.003,-12.469
0.5319546364242829,-12.471,0.003,-12.468
0.533155436957972,-12.475,0.003,-12.472
0.5343562374916611,-12.475999999999999,0.003,-12.472999999999999
0.5355570380253502,-12.477,0.003,-12.474
0.5367578385590394,-12.477,0.003,-12.474
0.5379586390927285,-12.478,0.003,-12.475
0.5391594396264175,-12.479,0.003,-12.475999999999999
0.5403602401601068,-12.479999999999999,0.003,-12.476999999999999
0.5415610406937958,-12.484,0.003,-12.481
0.5427618412274849,-12.482999999999999,0.003,-12.479999999999999
0.543962641761174,-12.484,0.003,-12.481
0.5451634422948632,-12.485,0.003,-12.482
0.5463642428285523,-12.487,0.003,-12.484
0.5475650433622414,-12.487,0.003,-12.484
0.5487658438959306,-12.489999999999998,0.003,-12.486999999999998
0.5499666444296197,-12.488999999999999,0.003,-12.485999999999999
0.5511674449633088,-12.491,0.003,-12.488
0.5523682454969979,-12.494,0.003,-12.491
0.5535690460306871,-12.495,0.003,-12.491999999999999
0.5547698465643762,-12.492999999999999,0.003,-12.489999999999998
0.5559706470980653,-12.495999999999999,0.003,-12.492999999999999
0.5571714476317544,-12.497,0.003,-12.494
0.5583722481654436,-12.498999999999999,0.003,-12.495999999999999
0.5595730486991327,-12.5,0.003,-12.497
0.5607738492328218,-12.498999999999999,0.003,-12.495999999999999
0.561974649766511,-12.498999999999999,0.003,-12.495999999999999
0.5631754503002001,-12.501,0.003,-12.498
0.5643762508338892,-12.503,0.003,-12.5
0.5655770513675783,-12.504,0.003,-12.501
0.5667778519012675,-12.506,0.003,-12.503
0.5679786524349566,-12.504,0.003,-12.501
0.5691794529686457,-12.507,0.003,-12.504
0.5703802535023349,-12.51,0.003,-12.507
0.571581054036024,-12.508999999999999,0.003,-12.505999999999998
0.5727818545697131,-12.51,0.003,-12.507
0.5739826551034022,-12.511999999999999,0.003,-12.508999999999999
0.5751834556370914,-12.513,0.003,-12.51
0.5763842561707805,-12.514,0.003,-12.511
0.5775850567044696,-12.513,0.003,-12.51
0.5787858572381588,-12.517999999999999,0.003,-12.514999999999999
0.5799866577718479,-12.517,0.003,-12.514
0.581187458305537,-12.519,0.003,-12.516
0.5823882588392261,-12.520999999999999,0.003,-12.517999999999999
0.5835890593729153,-12.52,0.003,-12.517
0.5847898599066044,-12.523,0.003,-12.52
0.5859906604402935,-12.523,0.003,-12.52
0.5871914609739827,-12.527,0.003,-12.524
0.5883922615076718,-12.527,0.003,-12.524
0.5895930620413609,-12.527999999999999,0.003,-12.524999999999999
0.59079386257505,-12.527999999999999,0.003,-12.524999999999999
0.5919946631087392,-12.53,0.003,-12.527
0.5931954636424283,-12.533,0.003,-12.53
0.5943962641761174,-12.532,0.003,-12.529
0.5955970647098066,-12.532,0.003,-12.529
0.5967978652434957,-12.535,0.003,-12.532
0.5979986657771847,-12.535,0.003,-12.532
0.5991994663108738,-12.538,0.003,-12.535
0.600400266844563,-12.536999999999999,0.003,-12.533999999999999
0.6016010673782521,-12.540999999999999,0.003,-12.537999999999998
0.6028018679119412,-12.54,0.003,-12.536999999999999
0.6040026684456303,-12.540999999999999,0.003,-12.537999999999998
0.6052034689793195,-12.543,0.003,-12.54
0.6064042695130086,-12.542,0.003,-12.539
0.6076050700466977,-12.546,0.003,-12.543
0.6088058705803869,-12.544,0.003,-12.541
0.610006671114076,-12.549,0.003,-12.546
0.6112074716477651,-12.549,0.003,-12.546
0.6124082721814542,-12.55,0.003,-12.547
0.6136090727151434,-12.552,0.003,-12.549
0.6148098732488325,-12.552999999999999,0.003,-12.549999999999999
0.6160106737825216,-12.555,0.003,-12.552
0.6172114743162108,-12.558,0.003,-12.555
0.6184122748498999,-12.556,0.003,-12.552999999999999
0.619613075383589,-12.559,0.003,-12.556
0.6208138759172781,-12.556999999999999,0.003,-12.553999999999998
0.6220146764509673,-12.561,0.003,-12.558
0.6232154769846564,-12.564,0.003,-12.561
0.6244162775183455,-12.563,0.003,-12.56
0.6256170780520347,-12.564,0.003,-12.561
0.6268178785857238,-12.565,0.003,-12.562
0.6280186791194129,-12.565,0.003,-12.562
0.629219479653102,-12.567,0.003,-12.564
0.6304202801867912,-12.567,0.003,-12.564
0.6316210807204803,-12.568,0.003,-12.565
0.6328218812541694,-12.57,0.003,-12.567
0.6340226817878585,-12.571,0.003,-12.568
0.6352234823215477,-12.573,0.003,-12.57
0.6364242828552368,-12.575,0.003,-12.572
0.6376250833889259,-12.575,0.003,-12.572
0.6388258839226151,-12.574,0.003,-12.571
0.6400266844563042,-12.577,0.003,-12.574
0.6412274849899933,-12.578,0.003,-12.575
0.6424282855236824,-12.579,0.003,-12.576
0.6436290860573716,-12.582,0.003,-12.579
0.6448298865910607,-12.583,0.003,-12.58
0.6460306871247498,-12.583,0.003,-12.58
0.647231487658439,-12.584,0.003,-12.581
0.6484322881921281,-12.587,0.003,-12.584
0.6496330887258172,-12.587,0.003,-12.584
0.6508338892595062,-12.589,0.003,-12.586
0.6520346897931955,-12.591,0.003,-12.588
0.6532354903268845,-12.591,0.003,-12.588
0.6544362908605736,-12.593,0.003,-12.59
0.6556370913942628,-12.592,0.003,-12.589
0.656837891927952,-12.596,0.003,-12.593
0.658038692461641,-12.597,0.003,-12.594
0.6592394929953301,-12.596,0.003,-12.593
0.6604402935290193,-12.598,0.003,-12.595
0.6616410940627084,-12.598,0.003,-12.595
0.6628418945963975,-12.599,0.003,-12.596
0.6640426951300867,-12.6,0.003,-12.597
0.6652434956637758,-12.603,0.003,-12.6
0.6664442961974649,-12.604,0.003,-12.600999999999999
0.667645096731154,-12.606,0.003,-12.603
0.6688458972648432,-12.607,0.003,-12.604
0.6700466977985323,-12.608,0.003,-12.605
0.6712474983322214,-12.608,0.003,-12.605
0.6724482988659106,-12.611,0.003,-12.608
0.6736490993995997,-12.611,0.003,-12.608
0.6748498999332888,-12.612,0.003,-12.609
0.6760507004669779,-12.612,0.003,-12.609
0.6772515010006671,-12.615,0.003,-12.612
0.6784523015343562,-12.618,0.003,-12.615
0.6796531020680453,-12.616,0.003,-12.613
0.6808539026017344,-12.62,0.003,-12.616999999999999
0.6820547031354236,-12.622,0.003,-12.619
0.6832555036691127,-12.624,0.003,-12.621
0.6844563042028018,-12.621,0.003,-12.618
0.685657104736491,-12.623,0.003,-12.62
0.6868579052701801,-12.626,0.003,-12.623
0.6880587058038692,-12.628,0.003,-12.625
0.6892595063375583,-12.629,0.003,-12.626
0.6904603068712475,-12.627,0.003,-12.624
0.6916611074049366,-12.629999999999999,0.003,-12.626999999999999
0.6928619079386257,-12.632,0.003,-12.629
0.6940627084723149,-12.633,0.003,-12.629999999999999
0.695263509006004,-12.634,0.003,-12.631
0.6964643095396931,-12.636,0.003,-12.633
0.6976651100733822,-12.638,0.003,-12.635
0.6988659106070714,-12.638,0.003,-12.635
0.7000667111407605,-12.639,0.003,-12.636
0.7012675116744496,-12.639000000000001,0.003,-12.636000000000001
0.7024683122081388,-12.642,0.003,-12.639
0.7036691127418279,-12.642,0.003,-12.639
0.704869913275517,-12.644,0.003,-12.641
0.706070713809206,-12.647,0.003,-12.644
0.7072715143428953,-12.645,0.003,-12.642
0.7084723148765844,-12.645,0.003,-12.642
0.7096731154102734,-12.647,0.003,-12.644
0.7108739159439625,-12.647,0.003,-12.644
0.7120747164776517,-12.651,0.003,-12.648
0.7132755170113408,-12.65,0.003,-12.647
0.7144763175450299,-12.653,0.003,-12.65
0.7156771180787191,-12.653,0.003,-12.65
0.7168779186124082,-12.653,0.003,-12.65
0.7180787191460973,-12.657,0.003,-12.654
0.7192795196797864,-12.658000000000001,0.003,-12.655000000000001
0.7204803202134756,-12.657,0.003,-12.654
0.7216811207471647,-12.66,0.003,-12.657
0.7228819212808538,-12.662,0.003,-12.659
0.724082721814543,-12.661000000000001,0.003,-12.658000000000001
0.7252835223482321,-12.663,0.003,-12.66
0.7264843228819212,-12.663,0.003,-12.66
0.7276851234156103,-12.666,0.003,-12.663
0.7288859239492995,-12.666,0.003,-12.663
0.7300867244829886,-12.667,0.003,-12.664
0.7312875250166777,-12.668000000000001,0.003,-12.665000000000001
0.7324883255503669,-12.67,0.003,-12.667
0.733689126084056,-12.672,0.003,-12.669
0.7348899266177451,-12.673,0.003,-12.67
0.7360907271514342,-12.674000000000001,0.003,-12.671000000000001
0.7372915276851234,-12.675,0.003,-12.672
0.7384923282188125,-12.675,0.003,-12.672
0.7396931287525016,-12.677,0.003,-12.674
0.7408939292861908,-12.676,0.003,-12.673
0.7420947298198799,-12.679,0.003,-12.676
0.743295530353569,-12.682,0.003,-12.679
0.7444963308872581,-12.681000000000001,0.003,-12.678
0.7456971314209473,-12.683,0.003,-12.68
0.7468979319546364,-12.682,0.003,-12.679
0.7480987324883255,-12.685,0.003,-12.682
0.7492995330220147,-12.687000000000001,0.003,-12.684000000000001
0.7505003335557038,-12.685,0.003,-12.682
0.7517011340893929,-12.687000000000001,0.003,-12.684000000000001
0.752901934623082,-12.689,0.003,-12.686
0.7541027351567712,-12.689,0.003,-12.686
0.7553035356904603,-12.691,0.003,-12.688
0.7565043362241494,-12.694,0.003,-12.691
0.7577051367578385,-12.694,0.003,-12.691
0.7589059372915277,-12.692,0.003,-12.689
0.7601067378252168,-12.696,0.003,-12.693
0.7613075383589059,-12.696,0.003,-12.693
0.7625083388925951,-12.697000000000001,0.003,-12.694
0.7637091394262842,-12.7,0.003,-12.697
0.7649099399599733,-12.699,0.003,-12.696
0.7661107404936623,-12.702,0.003,-12.699
0.7673115410273516,-12.7,0.003,-12.697
0.7685123415610406,-12.703000000000001,0.003,-12.700000000000001
0.7697131420947297,-12.704,0.003,-12.701
0.770913942628419,-12.705,0.003,-12.702
0.772114743162108,-12.704999999999998,0.003,-12.701999999999998
0.7733155436957971,-12.695,0.003,-12.692
0.7745163442294862,-12.697,0.003,-12.693999999999999
0.7757171447631754,-12.706,0.003,-12.703
0.7769179452968645,-12.695,0.003,-12.692
0.7781187458305536,-12.703,0.003,-12.7
0.7793195463642428,-12.703,0.003,-12.7
0.7805203468979319,-12.708,0.003,-12.705
0.781721147431621,-12.697000000000001,0.003,-12.694
0.7829219479653101,-12.702,0.003,-12.699
0.7841227484989993,-12.707,0.003,-12.704
0.7853235490326884,-12.697000000000001,0.003,-12.694
0.7865243495663775,-12.706,0.003,-12.703
0.7877251501000666,-12.563,0.003,-12.56
0.7889259506337558,-12.565000000000001,0.003,-12.562000000000001
0.7901267511674449,-12.704999999999998,0.003,-12.701999999999998
0.791327551701134,-12.501,0.003,-12.498
0.7925283522348232,-12.337,0.003,-12.334
0.7937291527685123,-12.34,0.003,-12.337
0.7949299533022014,-12.532,0.003,-12.529
0.7961307538358905,-12.372,0.003,-12.369
0.7973315543695797,-12.394,0.003,-12.391
0.7985323549032688,-12.179,0.003,-12.176
0.7997331554369579,-12.059,0.003,-12.056
0.8009339559706471,-12.082999999999998,0.003,-12.079999999999998
0.8021347565043362,-11.942,0.003,-11.939
0.8033355570380253,-12.175,0.003,-12.172
0.8045363575717144,-12.036000000000001,0.003,-12.033000000000001
0.8057371581054036,-11.983,0.003,-11.98
0.8069379586390927,-11.952,0.003,-11.949
0.8081387591727818,-11.819,0.003,-11.816
0.809339559706471,-11.853,0.003,-11.85
0.8105403602401601,-11.685,0.003,-11.682
0.8117411607738492,-11.780999999999999,0.003,-11.777999999999999
0.8129419613075383,-11.701,0.003,-11.698
0.8141427618412275,-11.686,0.003,-11.683
0.8153435623749166,-11.853,0.003,-11.85
0.8165443629086057,-11.613,0.003,-11.61
0.8177451634422949,-11.514,0.003,-11.511
0.818945963975984,-11.614999999999998,0.003,-11.611999999999998
0.820146764509673,-11.581,0.003,-11.578
0.8213475650433621,-11.365,0.003,-11.362
0.8225483655770514,-11.302,0.003,-11.299
0.8237491661107404,-11.222,0.003,-11.219
0.8249499666444295,-11.308,0.003,-11.305
0.8261507671781188,-11.315000000000001,0.003,-11.312000000000001
0.8273515677118078,-11.362,0.003,-11.359
0.8285523682454969,-11.095,0.003,-11.092
0.829753168779186,-11.191,0.003,-11.188
0.8309539693128752,-11.248999999999999,0.003,-11.245999999999999
0.8321547698465643,-11.01,0.003,-11.007
0.8333555703802534,-10.998999999999999,0.003,-10.995999999999999
0.8345563709139425,-11.048,0.003,-11.045
0.8357571714476317,-10.956999999999999,0.003,-10.953999999999999
0.8369579719813208,-10.889,0.003,-10.886
0.8381587725150099,-10.791,0.003,-10.788
0.8393595730486991,-10.981,0.003,-10.978
0.8405603735823882,-10.705,0.003,-10.702
0.8417611741160773,-10.629999999999999,0.003,-10.626999999999999
0.8429619746497664,-10.661999999999999,0.003,-10.658999999999999
0.8441627751834556,-10.608,0.003,-10.605
0.8453635757171447,-10.682,0.003,-10.679
0.8465643762508338,-10.603000000000002,0.003,-10.600000000000001
0.847765176784523,-10.497,0.003,-10.494
0.8489659773182121,-10.406,0.003,-10.403
0.8501667778519012,-10.523000000000001,0.003,-10.520000000000001
0.8513675783855903,-10.379,0.003,-10.376
0.8525683789192795,-10.355,0.003,-10.352
0.8537691794529686,-10.488,0.003,-10.485
0.8549699799866577,-10.290000000000001,0.003,-10.287
0.8561707805203469,-10.224,0.003,-10.221
0.857371581054036,-10.24,0.003,-10.237
0.8585723815877251,-10.057,0.003,-10.054
0.8597731821214142,-10.153,0.003,-10.15
0.8609739826551034,-10.059999999999999,0.003,-10.056999999999999
0.8621747831887925,-10.078000000000001,0.003,-10.075000000000001
0.8633755837224816,-9.935,0.003,-9.932
0.8645763842561707,-9.977,0.003,-9.974
0.8657771847898599,-9.941,0.003,-9.938
0.866977985323549,-10.068000000000001,0.003,-10.065000000000001
0.8681787858572381,-9.854000000000001,0.003,-9.851
0.8693795863909273,-9.841000000000001,0.003,-9.838000000000001
0.8705803869246164,-9.754,0.003,-9.751
0.8717811874583055,-9.741999999999999,0.003,-9.738999999999999
0.8729819879919946,-9.822999999999999,0.003,-9.819999999999999
0.8741827885256838,-9.878,0.003,-9.875
0.8753835890593729,-9.577,0.003,-9.574
0.876584389593062,-9.632,0.003,-9.629
0.8777851901267512,-9.633000000000001,0.003,-9.63
0.8789859906604403,-9.582,0.003,-9.579
0.8801867911941293,-9.409,0.003,-9.406
0.8813875917278184,-9.301,0.003,-9.298
0.8825883922615076,-9.525,0.003,-9.522
0.8837891927951967,-9.397,0.003,-9.394
0.8849899933288858,-9.578,0.003,-9.575
0.886190793862575,-9.202,0.003,-9.199
0.8873915943962641,-9.269,0.003,-9.266
0.8885923949299532,-9.233,0.003,-9.23
0.8897931954636423,-9.177,0.003,-9.174
0.8909939959973315,-9.072999999999999,0.003,-9.069999999999999
0.8921947965310206,-8.96,0.003,-8.957
0.8933955970647097,-8.948,0.003,-8.945
0.8945963975983989,-9.047,0.003,-9.044
0.895797198132088,-8.827,0.003,-8.824
0.8969979986657771,-8.906,0.003,-8.903
0.8981987991994662,-8.831,0.003,-8.828
0.8993995997331554,-8.811,0.003,-8.808
0.9006004002668445,-8.752,0.003,-8.749
0.9018012008005336,-8.853,0.003,-8.85
0.9030020013342228,-8.621,0.003,-8.618
0.9042028018679119,-8.599,0.003,-8.596
0.905403602401601,-8.804,0.003,-8.801
0.9066044029352901,-8.711,0.003,-8.708
0.9078052034689793,-8.588,0.003,-8.584999999999999
0.9090060040026684,-8.622,0.003,-8.619
0.9102068045363575,-8.551,0.003,-8.548
0.9114076050700466,-8.448,0.003,-8.445
0.9126084056037358,-8.388,0.003,-8.385
0.9138092061374249,-8.354000000000001,0.003,-8.351
0.915010006671114,-8.246,0.003,-8.243
0.9162108072048032,-8.267000000000001,0.003,-8.264000000000001
0.9174116077384923,-8.270999999999999,0.003,-8.267999999999999
0.9186124082721814,-8.25,0.003,-8.247
0.9198132088058705,-8.202,0.003,-8.199
0.9210140093395597,-8.085,0.003,-8.082
0.9222148098732488,-8.033,0.003,-8.03
0.9234156104069379,-8.127,0.003,-8.124
0.9246164109406271,-8.228,0.003,-8.225
0.9258172114743162,-8.059,0.003,-8.056
0.9270180120080053,-8.058,0.003,-8.055
0.9282188125416944,-8.017999999999999,0.003,-8.014999999999999
0.9294196130753836,-8.126,0.003,-8.123
0.9306204136090727,-7.923,0.003,-7.92
0.9318212141427618,-7.7620000000000005,0.003,-7.759
0.933022014676451,-7.741,0.003,-7.7379999999999995
0.9342228152101401,-7.757,0.003,-7.754
0.9354236157438292,-7.649,0.003,-7.646
0.9366244162775182,-7.789,0.003,-7.786
0.9378252168112075,-7.635,0.003,-7.632
0.9390260173448965,-7.603,0.003,-7.6
0.9402268178785856,-7.513,0.003,-7.51
0.9414276184122747,-7.5169999999999995,0.003,-7.513999999999999
0.9426284189459639,-7.482,0.003,-7.479
0.943829219479653,-7.423,0.003,-7.42
0.9450300200133421,-7.515,0.003,-7.512
0.9462308205470313,-7.522,0.003,-7.519
0.9474316210807204,-7.406,0.003,-7.403
0.9486324216144095,-7.397,0.003,-7.394
0.9498332221480986,-7.389,0.003,-7.386
0.9510340226817878,-7.33,0.003,-7.327
0.9522348232154769,-7.31,0.003,-7.3069999999999995
0.953435623749166,-7.2139999999999995,0.003,-7.210999999999999
0.9546364242828552,-7.1339999999999995,0.003,-7.130999999999999
0.9558372248165443,-7.109,0.003,-7.106
0.9570380253502334,-7.304,0.003,-7.301
0.9582388258839225,-7.003,0.003,-7.0
0.9594396264176117,-7.122,0.003,-7.119
0.9606404269513008,-7.09,0.003,-7.087
0.9618412274849899,-7.088,0.003,-7.085
0.9630420280186791,-6.976999999999999,0.003,-6.973999999999999
0.9642428285523682,-7.121,0.003,-7.118
0.9654436290860573,-6.848,0.003,-6.845
0.9666444296197464,-6.896,0.003,-6.893
0.9678452301534356,-6.916,0.003,-6.913
0.9690460306871247,-6.7509999999999994,0.003,-6.747999999999999
0.9702468312208138,-6.742,0.003,-6.739
0.971447631754503,-6.82,0.003,-6.817
0.9726484322881921,-6.723,0.003,-6.72
0.9738492328218812,-6.765,0.003,-6.762
0.9750500333555703,-6.6370000000000005,0.003,-6.634
0.9762508338892595,-6.724,0.003,-6.721
0.9774516344229486,-6.488,0.003,-6.485
0.9786524349566377,-6.594,0.003,-6.591
0.9798532354903269,-6.4879999999999995,0.003,-6.484999999999999
0.981054036024016,-6.394,0.003,-6.391
0.9822548365577051,-6.447,0.003,-6.444
0.9834556370913942,-6.406,0.003,-6.403
0.9846564376250834,-6.3950000000000005,0.003,-6.392
0.9858572381587725,-6.3549999999999995,0.003,-6.351999999999999
0.9870580386924616,-6.231,0.003,-6.228
0.9882588392261507,-6.231999999999999,0.003,-6.228999999999999
0.9894596397598399,-6.191000000000001,0.003,-6.188000000000001
0.990660440293529,-6.381,0.003,-6.378
0.991861240827218,-6.2170000000000005,0.003,-6.214
0.9930620413609073,-6.186,0.003,-6.183
0.9942628418945963,-6.106,0.003,-6.103
0.9954636424282854,-6.24,0.003,-6.237
0.9966644429619745,-6.015,0.003,-6.012
0.9978652434956637,-6.086,0.003,-6.083
0.9990660440293528,-6.132,0.003,-6.129
1.000266844563042,-5.855,0.003,-5.852
1.001467645096731,-5.91,0.003,-5.907
1.0026684456304202,-5.8549999999999995,0.003,-5.851999999999999
1.0038692461641094,-5.8660000000000005,0.003,-5.863
1.0050700466977984,-5.6930000000000005,0.003,-5.69
1.0062708472314876,-5.853,0.003,-5.85
1.0074716477651766,-5.675,0.003,-5.672
1.0086724482988658,-5.7059999999999995,0.003,-5.702999999999999
1.009873248832555,-5.855,0.003,-5.852
1.011074049366244,-5.6290000000000004,0.003,-5.626
1.0122748498999332,-5.657,0.003,-5.654
1.0134756504336224,-5.506,0.003,-5.503
1.0146764509673114,-5.502000000000001,0.003,-5.4990000000000006
1.0158772515010006,-5.56,0.003,-5.5569999999999995
1.0170780520346898,-5.426,0.003,-5.423
1.0182788525683788,-5.653,0.003,-5.6499999999999995
1.019479653102068,-5.487,0.003,-5.484
1.0206804536357572,-5.398,0.003,-5.395
1.0218812541694462,-5.378,0.003,-5.375
1.0230820547031354,-5.381,0.003,-5.378
1.0242828552368244,-5.356,0.003,-5.353
1.0254836557705136,-5.3469999999999995,0.003,-5.343999999999999
1.0266844563042028,-5.288,0.003,-5.285
1.0278852568378918,-5.211,0.003,-5.208
1.029086057371581,-5.202,0.003,-5.199
1.0302868579052702,-5.282,0.003,-5.279
1.0314876584389592,-5.123,0.003,-5.12
1.0326884589726484,-5.0440000000000005,0.003,-5.041
1.0338892595063376,-5.115,0.003,-5.112
1.0350900600400266,-4.979,0.003,-4.976
1.0362908605737158,-5.188000000000001,0.003,-5.1850000000000005
1.037491661107405,-4.891,0.003,-4.888
1.038692461641094,-5.032,0.003,-5.029
1.0398932621747832,-5.029,0.003,-5.026
1.0410940627084722,-4.804,0.003,-4.801
1.0422948632421614,-4.886,0.003,-4.883
1.0434956637758506,-4.817,0.003,-4.814
1.0446964643095396,-4.929,0.003,-4.926
1.0458972648432288,-4.816,0.003,-4.813
1.047098065376918,-4.8950000000000005,0.003,-4.892
1.048298865910607,-4.792,0.003,-4.789
1.0494996664442962,-4.678,0.003,-4.675
1.0507004669779854,-4.715,0.003,-4.712
1.0519012675116743,-4.784,0.003,-4.781
1.0531020680453635,-4.62,0.003,-4.617
1.0543028685790525,-4.572,0.003,-4.569
1.0555036691127417,-4.523,0.003,-4.52
1.056704469646431,-4.678,0.003,-4.675
1.05790527018012,-4.449,0.003,-4.446
1.0591060707138091,-4.4399999999999995,0.003,-4.436999999999999
1.0603068712474983,-4.471,0.003,-4.468
1.0615076717811873,-4.374,0.003,-4.3709999999999996
1.0627084723148765,-4.366,0.003,-4.3629999999999995
1.0639092728485657,-4.37,0.003,-4.367
1.0651100733822547,-4.3870000000000005,0.003,-4.384
1.066310873915944,-4.362,0.003,-4.359
1.0675116744496331,-4.3309999999999995,0.003,-4.327999999999999
1.0687124749833221,-4.311,0.003,-4.308
1.0699132755170113,-4.259,0.003,-4.256
1.0711140760507003,-4.289,0.003,-4.286
1.0723148765843895,-4.138999999999999,0.003,-4.135999999999999
1.0735156771180787,-4.138,0.003,-4.135
1.0747164776517677,-4.163,0.003,-4.16
1.075917278185457,-4.088,0.003,-4.085
1.077118078719146,-4.029,0.003,-4.026
1.078318879252835,-4.006,0.003,-4.003
1.0795196797865243,-3.918,0.003,-3.915
1.0807204803202135,-4.039,0.003,-4.036
1.0819212808539025,-3.907,0.003,-3.904
1.0831220813875917,-3.871,0.003,-3.868
1.0843228819212807,-3.8449999999999998,0.003,-3.8419999999999996
1.0855236824549699,-3.819,0.003,-3.816
1.086724482988659,-3.995,0.003,-3.992
1.087925283522348,-3.794,0.003,-3.791
1.0891260840560373,-3.9480000000000004,0.003,-3.9450000000000003
1.0903268845897265,-3.838,0.003,-3.835
1.0915276851234155,-3.838,0.003,-3.835
1.0927284856571047,-3.8240000000000003,0.003,-3.821
1.0939292861907939,-3.626,0.003,-3.6229999999999998
1.0951300867244829,-3.71,0.003,-3.707
1.096330887258172,-3.575,0.003,-3.572
1.0975316877918613,-3.601,0.003,-3.598
1.0987324883255503,-3.771,0.003,-3.768
1.0999332888592395,-3.53,0.003,-3.5269999999999997
1.1011340893929285,-3.5839999999999996,0.003,-3.5809999999999995
1.1023348899266177,-3.5810000000000004,0.003,-3.5780000000000003
1.1035356904603069,-3.37,0.003,-3.367
1.1047364909939958,-3.554,0.003,-3.5509999999999997
1.105937291527685,-3.5759999999999996,0.003,-3.5729999999999995
1.1071380920613743,-3.39,0.003,-3.387
1.1083388925950632,-3.4189999999999996,0.003,-3.4159999999999995
1.1095396931287524,-3.343,0.003,-3.34
1.1107404936624417,-3.33,0.003,-3.327
1.1119412941961306,-3.333,0.003,-3.33
1.1131420947298198,-3.326,0.003,-3.323
1.1143428952635088,-3.2,0.003,-3.197
1.115543695797198,-3.2,0.003,-3.197
1.1167444963308872,-3.122,0.003,-3.1189999999999998
1.1179452968645762,-3.107,0.003,-3.104
1.1191460973982654,-3.126,0.003,-3.1229999999999998
1.1203468979319546,-3.247,0.003,-3.2439999999999998
1.1215476984656436,-3.059,0.003,-3.056
1.1227484989993328,-3.125,0.003,-3.122
1.123949299533022,-2.998,0.003,-2.995
1.125150100066711,-3.074,0.003,-3.0709999999999997
1.1263509006004002,-3.0149999999999997,0.003,-3.0119999999999996
1.1275517011340894,-3.1819999999999995,0.003,-3.1789999999999994
1.1287525016677784,-2.9130000000000003,0.003,-2.91
1.1299533022014676,-2.965,0.003,-2.9619999999999997
1.1311541027351566,-2.8979999999999997,0.003,-2.8949999999999996
1.1323549032688458,-2.9,0.003,-2.897
1.133555703802535,-3.0149999999999997,0.003,-3.0119999999999996
1.134756504336224,-2.8810000000000002,0.003,-2.878
1.1359573048699132,-2.782,0.003,-2.779
1.1371581054036024,-2.7199999999999998,0.003,-2.7169999999999996
1.1383589059372914,-2.874,0.003,-2.871
1.1395597064709806,-2.8019999999999996,0.003,-2.7989999999999995
1.1407605070046698,-2.651,0.003,-2.6479999999999997
1.1419613075383588,-2.649,0.003,-2.646
1.143162108072048,-2.621,0.003,-2.618
1.1443629086057372,-2.609,0.003,-2.606
1.1455637091394262,-2.7729999999999997,0.003,-2.7699999999999996
1.1467645096731154,-2.541,0.003,-2.538
1.1479653102068044,-2.6710000000000003,0.003,-2.668
1.1491661107404936,-2.564,0.003,-2.561
1.1503669112741828,-2.69,0.003,-2.687
1.1515677118078718,-2.4859999999999998,0.003,-2.4829999999999997
1.152768512341561,-2.4770000000000003,0.003,-2.474
1.1539693128752502,-2.559,0.003,-2.556
1.1551701134089392,-2.551,0.003,-2.548
1.1563709139426284,-2.357,0.003,-2.354
1.1575717144763176,-2.391,0.003,-2.388
1.1587725150100066,-2.418,0.003,-2.415
1.1599733155436958,-2.456,0.003,-2.453
1.1611741160773847,-2.2439999999999998,0.003,-2.2409999999999997
1.162374916611074,-2.29,0.003,-2.287
1.1635757171447632,-2.288,0.003,-2.2849999999999997
1.1647765176784521,-2.452,0.003,-2.449
1.1659773182121413,-2.296,0.003,-2.2929999999999997
1.1671781187458306,-2.243,0.003,-2.2399999999999998
1.1683789192795195,-2.1069999999999998,0.003,-2.1039999999999996
1.1695797198132087,-2.2439999999999998,0.003,-2.2409999999999997
1.170780520346898,-2.2009999999999996,0.003,-2.1979999999999995
1.171981320880587,-2.304,0.003,-2.3009999999999997
1.1731821214142761,-2.1399999999999997,0.003,-2.1369999999999996
1.1743829219479653,-2.29,0.003,-2.287
1.1755837224816543,-2.118,0.003,-2.1149999999999998
1.1767845230153435,-2.017,0.003,-2.014
1.1779853235490325,-2.062,0.003,-2.0589999999999997
1.1791861240827217,-1.9979999999999998,0.003,-1.9949999999999999
1.180386924616411,-2.0229999999999997,0.003,-2.0199999999999996
1.1815877251501,-1.955,0.003,-1.9520000000000002
1.1827885256837891,-1.99,0.003,-1.987
1.1839893262174783,-1.876,0.003,-1.873
1.1851901267511673,-1.993,0.003,-1.9900000000000002
1.1863909272848565,-1.876,0.003,-1.873
1.1875917278185457,-1.9660000000000002,0.003,-1.9630000000000003
1.1887925283522347,-1.783,0.003,-1.78
1.189993328885924,-1.875,0.003,-1.872
1.1911941294196131,-1.902,0.003,-1.899
1.192394929953302,-1.7400000000000002,0.003,-1.7370000000000003
1.1935957304869913,-1.8479999999999999,0.003,-1.845
1.1947965310206803,-1.7160000000000002,0.003,-1.7130000000000003
1.1959973315543695,-1.689,0.003,-1.6860000000000002
1.1971981320880587,-1.655,0.003,-1.6520000000000001
1.1983989326217477,-1.689,0.003,-1.6860000000000002
1.1995997331554369,-1.7469999999999999,0.003,-1.744
1.200800533689126,-1.863,0.003,-1.86
1.202001334222815,-1.617,0.003,-1.614
1.2032021347565043,-1.639,0.003,-1.6360000000000001
1.2044029352901935,-1.552,0.003,-1.5490000000000002
1.2056037358238825,-1.657,0.003,-1.6540000000000001
1.2068045363575717,-1.662,0.003,-1.659
1.2080053368912607,-1.7000000000000002,0.003,-1.6970000000000003
1.2092061374249499,-1.514,0.003,-1.5110000000000001
1.210406937958639,-1.5,0.003,-1.497
1.211607738492328,-1.592,0.003,-1.5890000000000002
1.2128085390260173,-1.4700000000000002,0.003,-1.4670000000000003
1.2140093395597065,-1.4660000000000002,0.003,-1.4630000000000003
1.2152101400933955,-1.464,0.003,-1.461
1.2164109406270847,-1.37,0.003,-1.3670000000000002
1.2176117411607739,-1.37,0.003,-1.3670000000000002
1.2188125416944628,-1.483,0.003,-1.4800000000000002
1.220013342228152,-1.3519999999999999,0.003,-1.349
1.2212141427618413,-1.391,0.003,-1.3880000000000001
1.2224149432955302,-1.323,0.003,-1.32
1.2236157438292194,-1.3960000000000001,0.003,-1.3930000000000002
1.2248165443629084,-1.3370000000000002,0.003,-1.3340000000000003
1.2260173448965976,-1.3490000000000002,0.003,-1.3460000000000003
1.2272181454302868,-1.2329999999999999,0.003,-1.23
1.2284189459639758,-1.306,0.003,-1.3030000000000002
1.229619746497665,-1.234,0.003,-1.231
1.2308205470313542,-1.252,0.003,-1.249
1.2320213475650432,-1.359,0.003,-1.356
1.2332221480987324,-1.166,0.003,-1.163
1.2344229486324216,-1.2100000000000002,0.003,-1.2070000000000003
1.2356237491661106,-1.1500000000000001,0.003,-1.1470000000000002
1.2368245496997998,-1.133,0.003,-1.1300000000000001
1.2380253502334888,-1.288,0.003,-1.2850000000000001
1.239226150767178,-1.1139999999999999,0.003,-1.111
1.2404269513008672,-1.296,0.003,-1.2930000000000001
1.2416277518345562,-1.14,0.003,-1.137
1.2428285523682454,-1.054,0.003,-1.0510000000000002
1.2440293529019346,-1.0490000000000002,0.003,-1.0460000000000003
1.2452301534356236,-1.113,0.003,-1.11
1.2464309539693128,-1.139,0.003,-1.1360000000000001
1.247631754503002,-1.04,0.003,-1.0370000000000001
1.248832555036691,-1.1780000000000002,0.003,-1.1750000000000003
1.2500333555703802,-0.933,0.003,-0.93
1.2512341561040694,-1.06,0.003,-1.0570000000000002
1.2524349566377584,-1.171,0.003,-1.1680000000000001
1.2536357571714476,-1.169,0.003,-1.1660000000000001
1.2548365577051366,-0.978,0.003,-0.975
1.2560373582388258,-1.053,0.003,-1.05
1.257238158772515,-0.9119999999999999,0.003,-0.9089999999999999
1.258438959306204,-0.948,0.003,-0.945
1.2596397598398932,-0.837,0.003,-0.834
1.2608405603735824,-0.8799999999999999,0.003,-0.8769999999999999
1.2620413609072714,-0.817,0.003,-0.814
1.2632421614409606,-0.8200000000000001,0.003,-0.8170000000000001
1.2644429619746498,-0.8789999999999999,0.003,-0.8759999999999999
1.2656437625083388,-0.866,0.003,-0.863
1.266844563042028,-0.783,0.003,-0.78
1.268045363575717,-0.8019999999999998,0.003,-0.7989999999999998
1.2692461641094062,-0.7799999999999999,0.003,-0.7769999999999999
1.2704469646430954,-0.927,0.003,-0.924
1.2716477651767844,-0.768,0.003,-0.765
1.2728485657104736,-0.796,0.003,-0.793
1.2740493662441628,-0.7779999999999999,0.003,-0.7749999999999999
1.2752501667778517,-0.659,0.003,-0.656
1.276450967311541,-0.686,0.003,-0.683
1.2776517678452302,-0.7080000000000001,0.003,-0.7050000000000001
1.2788525683789191,-0.6689999999999999,0.003,-0.6659999999999999
1.2800533689126083,-0.67,0.003,-0.667
1.2812541694462976,-0.656,0.003,-0.653
1.2824549699799865,-0.807,0.003,-0.804
1.2836557705136757,-0.691,0.003,-0.688
1.2848565710473647,-0.709,0.003,-0.706
1.286057371581054,-0.7070000000000001,0.003,-0.7040000000000001
1.2872581721147431,-0.628,0.003,-0.625
1.2884589726484321,-0.5579999999999999,0.003,-0.5549999999999999
1.2896597731821213,-0.7140000000000001,0.003,-0.7110000000000001
1.2908605737158105,-0.5730000000000001,0.003,-0.5700000000000001
1.2920613742494995,-0.568,0.003,-0.565
1.2932621747831887,-0.641,0.003,-0.638
1.294462975316878,-0.578,0.003,-0.575
1.295663775850567,-0.5499999999999999,0.003,-0.5469999999999999
1.2968645763842561,-0.4859999999999999,0.003,-0.4829999999999999
1.2980653769179453,-0.6779999999999999,0.003,-0.6749999999999999
1.2992661774516343,-0.6749999999999999,0.003,-0.6719999999999999
1.3004669779853235,-0.5179999999999999,0.003,-0.5149999999999999
1.3016677785190125,-0.43900000000000006,0.003,-0.43600000000000005
1.3028685790527017,-0.5119999999999999,0.003,-0.5089999999999999
1.304069379586391,-0.595,0.003,-0.592
1.30527018012008,-0.44100000000000006,0.003,-0.43800000000000006
1.306470980653769,-0.4889999999999999,0.003,-0.4859999999999999
1.3076717811874583,-0.4820000000000001,0.003,-0.4790000000000001
1.3088725817211473,-0.505,0.003,-0.502
1.3100733822548365,-0.481,0.003,-0.478
1.3112741827885257,-0.474,0.003,-0.471
1.3124749833222147,-0.3470000000000001,0.003,-0.3440000000000001
1.313675783855904,-0.5199999999999999,0.003,-0.5169999999999999
1.3148765843895929,-0.3989999999999999,0.003,-0.3959999999999999
1.316077384923282,-0.363,0.003,-0.36
1.3172781854569713,-0.3340000000000001,0.003,-0.33100000000000007
1.3184789859906603,-0.364,0.003,-0.361
1.3196797865243495,-0.44999999999999996,0.003,-0.44699999999999995
1.3208805870580387,-0.32499999999999996,0.003,-0.32199999999999995
1.3220813875917277,-0.29800000000000004,0.003,-0.29500000000000004
1.3232821881254169,-0.30899999999999994,0.003,-0.30599999999999994
1.324482988659106,-0.362,0.003,-0.359
1.325683789192795,-0.30900000000000016,0.003,-0.30600000000000016
1.3268845897264843,-0.33299999999999996,0.003,-0.32999999999999996
1.3280853902601735,-0.4680000000000001,0.003,-0.4650000000000001
1.3292861907938625,-0.51,0.003,-0.507
1.3304869913275517,-0.23099999999999987,0.003,-0.22799999999999987
1.3316877918612406,-0.2610000000000001,0.003,-0.2580000000000001
1.3328885923949298,-0.28200000000000003,0.003,-0.279
1.334089392928619,-0.246,0.003,-0.243
1.335290193462308,-0.276,0.003,-0.273
1.3364909939959972,-0.2630000000000001,0.003,-0.2600000000000001
1.3376917945296865,-0.31699999999999995,0.003,-0.31399999999999995
1.3388925950633754,-0.30000000000000004,0.003,-0.29700000000000004
1.3400933955970646,-0.35,0.003,-0.347
1.3412941961307538,-0.26,0.003,-0.257
1.3424949966644428,-0.2250000000000001,0.003,-0.2220000000000001
1.343695797198132,-0.2230000000000001,0.003,-0.22000000000000008
1.3448965977318212,-0.24299999999999988,0.003,-0.23999999999999988
1.3460973982655102,-0.272,0.003,-0.269
1.3472981987991994,-0.24299999999999988,0.003,-0.23999999999999988
1.3484989993328884,-0.16799999999999993,0.003,-0.16499999999999992
1.3496997998665776,-0.246,0.003,-0.243
1.3509006004002668,-0.262,0.003,-0.259
1.3521014009339558,-0.19500000000000006,0.003,-0.19200000000000006
1.353302201467645,-0.19799999999999995,0.003,-0.19499999999999995
1.3545030020013342,-0.21199999999999997,0.003,-0.20899999999999996
1.3557038025350232,-0.15900000000000003,0.003,-0.15600000000000003
1.3569046030687124,-0.29300000000000015,0.003,-0.29000000000000015
1.3581054036024016,-0.2489999999999999,0.003,-0.24599999999999989
1.3593062041360906,-0.27300000000000013,0.003,-0.27000000000000013
1.3605070046697798,-0.27500000000000013,0.003,-0.27200000000000013
1.3617078052034688,-0.18000000000000016,0.003,-0.17700000000000016
1.362908605737158,-0.139,0.003,-0.136
1.3641094062708472,-0.08299999999999996,0.003,-0.07999999999999996
1.3653102068045362,-0.16300000000000003,0.003,-0.16000000000000003
1.3665110073382254,-0.07899999999999996,0.003,-0.07599999999999996
1.3677118078719146,-0.24,0.003,-0.237
1.3689126084056036,-0.28800000000000003,0.003,-0.28500000000000003
1.3701134089392928,-0.242,0.003,-0.239
1.371314209472982,-0.135,0.003,-0.132
1.372515010006671,-0.07100000000000017,0.003,-0.06800000000000017
1.3737158105403602,-0.16200000000000014,0.003,-0.15900000000000014
1.3749166110740494,-0.038000000000000034,0.003,-0.03500000000000003
1.3761174116077384,-0.07500000000000018,0.003,-0.07200000000000017
1.3773182121414276,-0.22599999999999998,0.003,-0.22299999999999998
1.3785190126751166,-0.07200000000000006,0.003,-0.06900000000000006
1.3797198132088058,-0.05899999999999994,0.003,-0.05599999999999994
1.380920613742495,-0.21199999999999997,0.003,-0.20899999999999996
1.382121414276184,-0.09899999999999998,0.003,-0.09599999999999997
1.3833222148098732,-0.014999999999999902,0.003,-0.011999999999999903
1.3845230153435624,-0.1010000000000002,0.003,-0.0980000000000002
1.3857238158772514,-0.06999999999999984,0.003,-0.06699999999999984
1.3869246164109406,-0.052000000000000046,0.003,-0.049000000000000044
1.3881254169446298,-0.08299999999999996,0.003,-0.07999999999999996
1.3893262174783187,-0.015999999999999792,0.003,-0.012999999999999793
1.390527018012008,-0.08600000000000008,0.003,-0.08300000000000007
1.391727818545697,-0.09600000000000009,0.003,-0.09300000000000008
1.3929286190793861,-0.04699999999999993,0.003,-0.04399999999999993
1.3941294196130753,-0.08299999999999996,0.003,-0.07999999999999996
1.3953302201467643,-0.15100000000000002,0.003,-0.14800000000000002
1.3965310206804535,0.0009999999999998899,0.003,0.00399999999999989
1.3977318212141427,-0.1649999999999998,0.003,-0.1619999999999998
1.3989326217478317,-0.06299999999999994,0.003,-0.05999999999999994
1.400133422281521,0.026000000000000023,0.003,0.029000000000000022
1.4013342228152101,-0.08600000000000008,0.003,-0.08300000000000007
1.4025350233488991,-0.08200000000000007,0.003,-0.07900000000000007
1.4037358238825883,-0.051999999999999824,0.003,-0.04899999999999982
1.4049366244162775,-0.020000000000000018,0.003,-0.01700000000000002
1.4061374249499665,0.009000000000000119,0.003,0.012000000000000118
1.4073382254836557,-0.06099999999999994,0.003,-0.05799999999999994
1.4085390260173447,0.049000000000000155,0.003,0.05200000000000016
1.409739826551034,-0.15999999999999992,0.003,-0.15699999999999992
1.4109406270847231,0.05500000000000016,0.003,0.05800000000000016
1.412141427618412,0.05600000000000005,0.003,0.05900000000000005
1.4133422281521013,0.05499999999999994,0.003,0.05799999999999994
1.4145430286857905,-0.09099999999999997,0.003,-0.08799999999999997
1.4157438292194795,-0.008000000000000007,0.003,-0.005000000000000007
1.4169446297531687,0.0009999999999998899,0.003,0.00399999999999989
1.418145430286858,-0.006999999999999895,0.003,-0.003999999999999895
1.419346230820547,0.017000000000000126,0.003,0.020000000000000125
1.420547031354236,0.04600000000000004,0.003,0.049000000000000044
1.421747831887925,0.038000000000000034,0.003,0.041000000000000036
1.4229486324216143,0.038000000000000034,0.003,0.041000000000000036
1.4241494329553035,0.040999999999999925,0.003,0.04399999999999993
1.4253502334889925,0.07500000000000018,0.003,0.07800000000000018
1.4265510340226817,-0.15800000000000014,0.003,-0.15500000000000014
1.427751834556371,0.016000000000000014,0.003,0.019000000000000013
1.4289526350900599,0.040000000000000036,0.003,0.04300000000000004
1.430153435623749,0.05900000000000016,0.003,0.062000000000000166
1.4313542361574383,0.026000000000000023,0.003,0.029000000000000022
1.4325550366911273,0.07600000000000007,0.003,0.07900000000000007
1.4337558372248165,0.018000000000000016,0.003,0.021000000000000015
1.4349566377585057,-0.004999999999999893,0.003,-0.0019999999999998934
1.4361574382921947,0.07499999999999996,0.003,0.07799999999999996
1.4373582388258839,0.10299999999999998,0.003,0.10599999999999998
1.4385590393595729,0.06400000000000006,0.003,0.06700000000000006
1.439759839893262,0.051000000000000156,0.003,0.05400000000000016
1.4409606404269513,0.10599999999999987,0.003,0.10899999999999987
1.4421614409606403,-0.06800000000000006,0.003,-0.06500000000000006
1.4433622414943295,0.08599999999999985,0.003,0.08899999999999986
1.4445630420280187,0.119,0.003,0.122
1.4457638425617076,0.07899999999999996,0.003,0.08199999999999996
1.4469646430953969,0.13400000000000012,0.003,0.13700000000000012
1.448165443629086,0.016000000000000014,0.003,0.019000000000000013
1.449366244162775,0.028000000000000025,0.003,0.031000000000000024
1.4505670446964642,0.08699999999999997,0.003,0.08999999999999997
1.4517678452301535,-0.05699999999999994,0.003,-0.05399999999999994
1.4529686457638424,0.10200000000000009,0.003,0.1050000000000001
1.4541694462975316,0.08499999999999996,0.003,0.08799999999999997
1.4553702468312206,0.0050000000000001155,0.003,0.008000000000000115
1.4565710473649098,0.09699999999999998,0.003,0.09999999999999998
1.457771847898599,0.123,0.003,0.126
1.458972648432288,-0.06600000000000006,0.003,-0.06300000000000006
1.4601734489659772,0.10400000000000009,0.003,0.1070000000000001
1.4613742494996664,0.06400000000000006,0.003,0.06700000000000006
1.4625750500333554,0.08699999999999997,0.003,0.08999999999999997
1.4637758505670446,0.1279999999999999,0.003,0.1309999999999999
1.4649766511007338,0.137,0.003,0.14
1.4661774516344228,-0.05800000000000005,0.003,-0.05500000000000005
1.467378252168112,0.07099999999999995,0.003,0.07399999999999995
1.468579052701801,0.08299999999999996,0.003,0.08599999999999997
1.4697798532354902,0.10099999999999998,0.003,0.10399999999999998
1.4709806537691794,0.07699999999999996,0.003,0.07999999999999996
1.4721814543028684,0.12199999999999989,0.003,0.12499999999999989
1.4733822548365576,0.0029999999999998916,0.003,0.005999999999999892
1.4745830553702468,0.10899999999999999,0.003,0.11199999999999999
1.4757838559039358,0.09699999999999998,0.003,0.09999999999999998
1.476984656437625,0.08699999999999997,0.003,0.08999999999999997
1.4781854569713142,0.015000000000000124,0.003,0.018000000000000124
1.4793862575050032,0.09600000000000009,0.003,0.09900000000000009
1.4805870580386924,0.14700000000000002,0.003,0.15000000000000002
1.4817878585723816,-0.02400000000000002,0.003,-0.021000000000000022
1.4829886591060706,0.09400000000000008,0.003,0.09700000000000009
1.4841894596397598,0.15300000000000002,0.003,0.15600000000000003
1.4853902601734488,-0.004999999999999893,0.003,-0.0019999999999998934
1.486591060707138,0.07299999999999995,0.003,0.07599999999999996
1.4877918612408272,0.06199999999999983,0.003,0.06499999999999984
1.4889926617745162,0.07499999999999996,0.003,0.07799999999999996
1.4901934623082054,0.08999999999999986,0.003,0.09299999999999986
1.4913942628418946,-0.10499999999999998,0.003,-0.10199999999999998
1.4925950633755836,0.13800000000000012,0.003,0.14100000000000013
1.4937958639092728,0.10099999999999998,0.003,0.10399999999999998
1.494996664442962,0.11999999999999988,0.003,0.12299999999999989
1.496197464976651,0.10599999999999987,0.003,0.10899999999999987
1.4973982655103402,0.16699999999999982,0.003,0.16999999999999982
1.4985990660440294,0.07099999999999995,0.003,0.07399999999999995
1.4997998665777184,0.08799999999999986,0.003,0.09099999999999986
1.5010006671114076,0.07600000000000007,0.003,0.07900000000000007
1.5022014676450965,0.1429999999999998,0.003,0.1459999999999998
1.5034022681787858,0.07299999999999995,0.003,0.07599999999999996
1.504603068712475,0.17399999999999993,0.003,0.17699999999999994
1.505803869246164,0.08600000000000008,0.003,0.08900000000000008
1.5070046697798531,0.10400000000000009,0.003,0.1070000000000001
1.5082054703135424,0.09699999999999998,0.003,0.09999999999999998
1.5094062708472313,0.06400000000000006,0.003,0.06700000000000006
1.5106070713809205,0.14700000000000002,0.003,0.15000000000000002
1.5118078719146097,0.1479999999999999,0.003,0.1509999999999999
1.5130086724482987,0.1120000000000001,0.003,0.1150000000000001
1.514209472981988,0.09699999999999998,0.003,0.09999999999999998
1.515410273515677,0.030000000000000027,0.003,0.03300000000000003
1.5166110740493661,0.15599999999999992,0.003,0.15899999999999992
1.5178118745830553,0.14500000000000002,0.003,0.14800000000000002
1.5190126751167443,0.040000000000000036,0.003,0.04300000000000004
1.5202134756504335,0.03600000000000003,0.003,0.039000000000000035
1.5214142761841227,0.1439999999999999,0.003,0.1469999999999999
1.5226150767178117,0.09200000000000008,0.003,0.09500000000000008
1.523815877251501,0.16200000000000014,0.003,0.16500000000000015
1.5250166777851901,0.11699999999999999,0.003,0.12
1.526217478318879,0.10299999999999998,0.003,0.10599999999999998
1.5274182788525683,0.08400000000000007,0.003,0.08700000000000008
1.5286190793862575,0.1499999999999999,0.003,0.1529999999999999
1.5298198799199465,0.11099999999999999,0.003,0.11399999999999999
1.5310206804536357,0.17400000000000015,0.003,0.17700000000000016
1.5322214809873247,0.07900000000000018,0.003,0.08200000000000018
1.533422281521014,0.15399999999999991,0.003,0.15699999999999992
1.534623082054703,0.15999999999999992,0.003,0.16299999999999992
1.535823882588392,0.18799999999999994,0.003,0.19099999999999995
1.5370246831220813,0.1100000000000001,0.003,0.1130000000000001
1.5382254836557705,0.019000000000000128,0.003,0.022000000000000127
1.5394262841894595,0.20399999999999996,0.003,0.20699999999999996
1.5406270847231487,0.11399999999999988,0.003,0.11699999999999988
1.541827885256838,0.21300000000000008,0.003,0.21600000000000008
1.5430286857905269,0.18100000000000005,0.003,0.18400000000000005
1.544229486324216,0.1180000000000001,0.003,0.12100000000000011
1.545430286857905,0.19100000000000006,0.003,0.19400000000000006
1.5466310873915943,0.17100000000000004,0.003,0.17400000000000004
1.5478318879252835,0.18799999999999994,0.003,0.19099999999999995
1.5490326884589725,0.08699999999999997,0.003,0.08999999999999997
1.5502334889926617,0.14100000000000001,0.003,0.14400000000000002
1.5514342895263509,0.03699999999999992,0.003,0.039999999999999925
1.5526350900600399,0.05800000000000005,0.003,0.061000000000000054
1.553835890593729,0.06899999999999995,0.003,0.07199999999999995
1.5550366911274183,0.14300000000000002,0.003,0.14600000000000002
1.5562374916611073,0.02100000000000013,0.003,0.02400000000000013
1.5574382921947965,-0.052999999999999936,0.003,-0.04999999999999993
1.5586390927284857,0.17500000000000004,0.003,0.17800000000000005
1.5598398932621746,0.08699999999999997,0.003,0.08999999999999997
1.5610406937958639,0.08099999999999996,0.003,0.08399999999999996
1.5622414943295528,0.21599999999999997,0.003,0.21899999999999997
1.563442294863242,0.16900000000000004,0.003,0.17200000000000004
1.5646430953969312,0.131,0.003,0.134
1.5658438959306202,0.017000000000000126,0.003,0.020000000000000125
1.5670446964643094,0.19799999999999995,0.003,0.20099999999999996
1.5682454969979986,0.14700000000000002,0.003,0.15000000000000002
1.5694462975316876,0.1479999999999999,0.003,0.1509999999999999
1.5706470980653768,0.0050000000000001155,0.003,0.008000000000000115
1.571847898599066,0.18100000000000005,0.003,0.18400000000000005
1.573048699132755,0.17700000000000005,0.003,0.18000000000000005
1.5742494996664442,0.1339999999999999,0.003,0.1369999999999999
1.5754503002001332,0.14900000000000002,0.003,0.15200000000000002
1.5766511007338224,0.14300000000000002,0.003,0.14600000000000002
1.5778519012675116,0.09599999999999986,0.003,0.09899999999999987
1.5790527018012006,-0.07699999999999996,0.003,-0.07399999999999995
1.5802535023348898,-0.0050000000000001155,0.003,-0.0020000000000001154
1.581454302868579,0.17500000000000004,0.003,0.17800000000000005
1.582655103402268,0.04700000000000015,0.003,0.050000000000000155
1.5838559039359572,0.16600000000000015,0.003,0.16900000000000015
1.5850567044696464,0.19399999999999995,0.003,0.19699999999999995
1.5862575050033354,0.16799999999999993,0.003,0.17099999999999993
1.5874583055370246,0.17599999999999993,0.003,0.17899999999999994
1.5886591060707138,0.08000000000000007,0.003,0.08300000000000007
1.5898599066044028,0.20599999999999996,0.003,0.20899999999999996
1.591060707138092,0.08000000000000007,0.003,0.08300000000000007
1.592261507671781,0.19299999999999984,0.003,0.19599999999999984
1.5934623082054702,0.21100000000000008,0.003,0.21400000000000008
1.5946631087391594,0.16599999999999993,0.003,0.16899999999999993
1.5958639092728484,0.18699999999999983,0.003,0.18999999999999984
1.5970647098065376,0.18799999999999994,0.003,0.19099999999999995
1.5982655103402268,0.11199999999999988,0.003,0.11499999999999988
1.5994663108739158,0.07799999999999985,0.003,0.08099999999999985
1.600667111407605,-0.09200000000000008,0.003,-0.08900000000000008
1.6018679119412942,0.14800000000000013,0.003,0.15100000000000013
1.6030687124749832,0.20599999999999996,0.003,0.20899999999999996
1.6042695130086724,0.16999999999999993,0.003,0.17299999999999993
1.6054703135423616,0.06400000000000006,0.003,0.06700000000000006
1.6066711140760506,0.1419999999999999,0.003,0.1449999999999999
1.6078719146097398,0.17900000000000005,0.003,0.18200000000000005
1.6090727151434288,0.16399999999999992,0.003,0.16699999999999993
1.610273515677118,0.021999999999999797,0.003,0.024999999999999797
1.6114743162108072,0.18599999999999994,0.003,0.18899999999999995
1.6126751167444962,0.04400000000000004,0.003,0.04700000000000004
1.6138759172781854,0.09400000000000008,0.003,0.09700000000000009
1.6150767178118746,0.1419999999999999,0.003,0.1449999999999999
1.6162775183455635,0.10299999999999998,0.003,0.10599999999999998
1.6174783188792528,0.1120000000000001,0.003,0.1150000000000001
1.618679119412942,0.09199999999999986,0.003,0.09499999999999986
1.619879919946631,0.09099999999999997,0.003,0.09399999999999997
1.6210807204803201,0.06800000000000006,0.003,0.07100000000000006
1.6222815210140091,0.07099999999999995,0.003,0.07399999999999995
1.6234823215476983,0.21899999999999986,0.003,0.22199999999999986
1.6246831220813875,0.0,0.003,0.003
1.6258839226150765,0.1519999999999999,0.003,0.15499999999999992
1.6270847231487657,0.127,0.003,0.13
1.628285523682455,0.1409999999999998,0.003,0.1439999999999998
1.629486324216144,0.026999999999999913,0.003,0.029999999999999912
1.6306871247498331,-0.03299999999999992,0.003,-0.02999999999999992
1.6318879252835223,0.123,0.003,0.126
1.6330887258172113,0.19799999999999995,0.003,0.20099999999999996
1.6342895263509005,0.1439999999999999,0.003,0.1469999999999999
1.6354903268845897,0.15500000000000003,0.003,0.15800000000000003
1.6366911274182787,0.19500000000000006,0.003,0.19800000000000006
1.637891927951968,0.19000000000000017,0.003,0.19300000000000017
1.639092728485657,0.2380000000000002,0.003,0.24100000000000021
1.640293529019346,0.18999999999999995,0.003,0.19299999999999995
1.6414943295530353,0.17599999999999993,0.003,0.17899999999999994
1.6426951300867243,0.061000000000000165,0.003,0.06400000000000017
1.6438959306204135,0.1080000000000001,0.003,0.1110000000000001
1.6450967311541027,0.18000000000000016,0.003,0.18300000000000016
1.6462975316877917,0.02300000000000013,0.003,0.02600000000000013
1.647498332221481,0.129,0.003,0.132
1.64869913275517,0.22199999999999998,0.003,0.22499999999999998
1.649899933288859,0.1299999999999999,0.003,0.1329999999999999
1.6511007338225483,0.07800000000000007,0.003,0.08100000000000007
1.6523015343562375,0.17100000000000004,0.003,0.17400000000000004
1.6535023348899265,0.19200000000000017,0.003,0.19500000000000017
1.6547031354236157,0.016000000000000014,0.003,0.019000000000000013
1.6559039359573047,0.06699999999999995,0.003,0.06999999999999995
1.6571047364909939,0.15500000000000003,0.003,0.15800000000000003
1.658305537024683,0.19900000000000007,0.003,0.20200000000000007
1.659506337558372,0.15700000000000003,0.003,0.16000000000000003
1.6607071380920613,0.19800000000000018,0.003,0.20100000000000018
1.6619079386257505,0.038000000000000034,0.003,0.041000000000000036
1.6631087391594395,-0.013000000000000123,0.003,-0.010000000000000123
1.6643095396931287,0.062000000000000055,0.003,0.06500000000000006
1.6655103402268179,0.1359999999999999,0.003,0.1389999999999999
1.6667111407605069,0.07200000000000006,0.003,0.07500000000000007
1.667911941294196,0.16300000000000003,0.003,0.16600000000000004
1.669112741827885,0.049000000000000155,0.003,0.05200000000000016
1.6703135423615743,0.028000000000000025,0.003,0.031000000000000024
1.6715143428952635,0.18300000000000005,0.003,0.18600000000000005
1.6727151434289524,0.15400000000000014,0.003,0.15700000000000014
1.6739159439626417,0.02200000000000002,0.003,0.02500000000000002
1.6751167444963309,0.18300000000000005,0.003,0.18600000000000005
1.6763175450300198,0.20900000000000007,0.003,0.21200000000000008
1.677518345563709,0.08499999999999996,0.003,0.08799999999999997
1.6787191460973983,0.19900000000000007,0.003,0.20200000000000007
1.6799199466310872,0.20999999999999996,0.003,0.21299999999999997
1.6811207471647764,0.18900000000000006,0.003,0.19200000000000006
1.6823215476984656,0.07200000000000006,0.003,0.07500000000000007
1.6835223482321546,0.17900000000000005,0.003,0.18200000000000005
1.6847231487658438,0.10599999999999987,0.003,0.10899999999999987
1.6859239492995328,0.040000000000000036,0.003,0.04300000000000004
1.687124749833222,0.052000000000000046,0.003,0.05500000000000005
1.6883255503669112,0.07199999999999984,0.003,0.07499999999999984
1.6895263509006002,0.18599999999999994,0.003,0.18899999999999995
1.6907271514342894,0.15400000000000014,0.003,0.15700000000000014
1.6919279519679786,0.014999999999999902,0.003,0.0179999999999999
1.6931287525016676,0.08699999999999997,0.003,0.08999999999999997
1.6943295530353568,0.08099999999999996,0.003,0.08399999999999996
1.695530353569046,0.09099999999999997,0.003,0.09399999999999997
1.696731154102735,0.04499999999999993,0.003,0.04799999999999993
1.6979319546364242,0.17800000000000016,0.003,0.18100000000000016
1.6991327551701132,0.19500000000000006,0.003,0.19800000000000006
1.7003335557038024,0.19199999999999995,0.003,0.19499999999999995
1.7015343562374916,0.15999999999999992,0.003,0.16299999999999992
1.7027351567711806,0.22499999999999987,0.003,0.22799999999999987
1.7039359573048698,0.21999999999999997,0.003,0.22299999999999998
1.705136757838559,0.1399999999999999,0.003,0.1429999999999999
1.706337558372248,0.016000000000000014,0.003,0.019000000000000013
1.7075383589059372,0.18899999999999983,0.003,0.19199999999999984
1.7087391594396264,0.15100000000000002,0.003,0.15400000000000003
1.7099399599733154,0.22399999999999998,0.003,0.22699999999999998
1.7111407605070046,0.16300000000000003,0.003,0.16600000000000004
1.7123415610406938,0.16900000000000004,0.003,0.17200000000000004
1.7135423615743828,0.04299999999999993,0.003,0.04599999999999993
1.714743162108072,0.22499999999999987,0.003,0.22799999999999987
1.715943962641761,0.15700000000000003,0.003,0.16000000000000003
1.7171447631754502,0.10299999999999998,0.003,0.10599999999999998
1.7183455637091394,-0.0020000000000000018,0.003,0.0009999999999999983
1.7195463642428284,0.006000000000000005,0.003,0.009000000000000005
1.7207471647765176,0.20999999999999996,0.003,0.21299999999999997
1.7219479653102068,0.15399999999999991,0.003,0.15699999999999992
1.7231487658438958,0.17299999999999982,0.003,0.17599999999999982
1.724349566377585,0.16900000000000004,0.003,0.17200000000000004
1.7255503669112742,0.18500000000000005,0.003,0.18800000000000006
1.7267511674449632,0.11099999999999999,0.003,0.11399999999999999
1.7279519679786524,0.15100000000000002,0.003,0.15400000000000003
1.7291527685123413,0.11999999999999988,0.003,0.12299999999999989
1.7303535690460305,0.21799999999999997,0.003,0.22099999999999997
1.7315543695797198,0.11499999999999999,0.003,0.118
1.7327551701134087,0.019000000000000128,0.003,0.022000000000000127
1.733955970647098,0.1499999999999999,0.003,0.1529999999999999
1.7351567711807871,0.07399999999999984,0.003,0.07699999999999985
1.7363575717144761,0.10499999999999998,0.003,0.10799999999999998
1.7375583722481653,0.121,0.003,0.124
1.7387591727818545,0.19399999999999995,0.003,0.19699999999999995
1.7399599733155435,0.1279999999999999,0.003,0.1309999999999999
1.7411607738492327,0.12199999999999989,0.003,0.12499999999999989
1.742361574382922,0.19799999999999995,0.003,0.20099999999999996
1.743562374916611,0.21900000000000008,0.003,0.2220000000000001
1.7447631754503001,0.121,0.003,0.124
1.7459639759839891,0.20699999999999985,0.003,0.20999999999999985
1.7471647765176783,0.123,0.003,0.126
1.7483655770513675,0.1469999999999998,0.003,0.1499999999999998
1.7495663775850565,0.1200000000000001,0.003,0.12300000000000011
1.7507671781187457,0.20300000000000007,0.003,0.20600000000000007
1.751967978652435,0.11499999999999999,0.003,0.118
1.753168779186124,0.16700000000000004,0.003,0.17000000000000004
1.754369579719813,0.18100000000000005,0.003,0.18400000000000005
1.7555703802535023,0.19799999999999995,0.003,0.20099999999999996
1.7567711807871913,0.15900000000000003,0.003,0.16200000000000003
1.7579719813208805,0.1549999999999998,0.003,0.1579999999999998
1.7591727818545697,0.17500000000000004,0.003,0.17800000000000005
1.7603735823882587,0.15400000000000014,0.003,0.15700000000000014
1.761574382921948,0.006000000000000005,0.003,0.009000000000000005
1.7627751834556369,0.18200000000000016,0.003,0.18500000000000016
1.763975983989326,0.21300000000000008,0.003,0.21600000000000008
1.7651767845230153,0.19900000000000007,0.003,0.20200000000000007
1.7663775850567043,0.14400000000000013,0.003,0.14700000000000013
1.7675783855903935,0.20500000000000007,0.003,0.20800000000000007
1.7687791861240827,0.10200000000000009,0.003,0.1050000000000001
1.7699799866577717,0.2180000000000002,0.003,0.2210000000000002
1.7711807871914609,0.20799999999999996,0.003,0.21099999999999997
1.77238158772515,0.038000000000000034,0.003,0.041000000000000036
1.773582388258839,0.238,0.003,0.241
1.7747831887925283,0.17400000000000015,0.003,0.17700000000000016
1.7759839893262173,0.14300000000000002,0.003,0.14600000000000002
1.7771847898599065,0.17700000000000005,0.003,0.18000000000000005
1.7783855903935957,0.13800000000000012,0.003,0.14100000000000013
1.7795863909272847,0.006000000000000005,0.003,0.009000000000000005
1.7807871914609739,0.2220000000000002,0.003,0.2250000000000002
1.781987991994663,-0.018999999999999906,0.003,-0.015999999999999907
1.783188792528352,0.10899999999999999,0.003,0.11199999999999999
1.7843895930620413,0.22999999999999998,0.003,0.23299999999999998
1.7855903935957305,0.17300000000000004,0.003,0.17600000000000005
1.7867911941294194,0.14300000000000002,0.003,0.14600000000000002
1.7879919946631087,0.18100000000000005,0.003,0.18400000000000005
1.7891927951967979,0.17900000000000005,0.003,0.18200000000000005
1.7903935957304868,0.07900000000000018,0.003,0.08200000000000018
1.791594396264176,0.15200000000000014,0.003,0.15500000000000014
1.792795196797865,0.15400000000000014,0.003,0.15700000000000014
1.7939959973315542,0.038000000000000034,0.003,0.041000000000000036
1.7951967978652434,0.12199999999999989,0.003,0.12499999999999989
1.7963975983989324,0.17300000000000004,0.003,0.17600000000000005
1.7975983989326216,0.125,0.003,0.128
1.7987991994663108,0.15700000000000003,0.003,0.16000000000000003
1.8,0.08300000000000018,0.003,0.08600000000000019
