V_r,I_ub,I_b,I_Ï†
0.0,-3.68,0.003,-3.677
0.001200800533689126,-3.681,0.003,-3.678
0.002401601067378252,-3.714,0.003,-3.7110000000000003
0.003602401601067378,-3.679,0.003,-3.676
0.004803202134756504,-3.6839999999999997,0.003,-3.681
0.00600400266844563,-3.691,0.003,-3.688
0.007204803202134756,-3.673,0.003,-3.67
0.008405603735823882,-3.687,0.003,-3.684
0.009606404269513008,-3.725,0.003,-3.722
0.010807204803202134,-3.6689999999999996,0.003,-3.6660000000000004
0.01200800533689126,-3.721,0.003,-3.718
0.013208805870580386,-3.696,0.003,-3.693
0.014409606404269512,-3.676,0.003,-3.673
0.015610406937958638,-3.6910000000000003,0.003,-3.688
0.016811207471647764,-3.648,0.003,-3.645
0.01801200800533689,-3.6489999999999996,0.003,-3.6460000000000004
0.019212808539026016,-3.6289999999999996,0.003,-3.6260000000000003
0.020413609072715142,-3.6210000000000004,0.003,-3.6180000000000003
0.021614409606404268,-3.638,0.003,-3.635
0.022815210140093398,-3.6289999999999996,0.003,-3.6260000000000003
0.02401601067378252,-3.642,0.003,-3.639
0.025216811207471646,-3.612,0.003,-3.609
0.02641761174116077,-3.665,0.003,-3.662
0.027618412274849898,-3.628,0.003,-3.625
0.028819212808539024,-3.6839999999999997,0.003,-3.681
0.03002001334222815,-3.604,0.003,-3.6009999999999995
0.03122081387591728,-3.622,0.003,-3.619
0.032421614409606406,-3.6180000000000003,0.003,-3.615
0.03362241494329553,-3.663,0.003,-3.66
0.03482321547698465,-3.5989999999999998,0.003,-3.596
0.03602401601067378,-3.6069999999999998,0.003,-3.6039999999999996
0.03722481654436291,-3.647,0.003,-3.6439999999999997
0.03842561707805203,-3.6260000000000003,0.003,-3.623
0.03962641761174116,-3.591,0.003,-3.588
0.040827218145430284,-3.583,0.003,-3.58
0.04202801867911941,-3.654,0.003,-3.6510000000000002
0.043228819212808536,-3.639,0.003,-3.636
0.044429619746497666,-3.5860000000000003,0.003,-3.583
0.04563042028018679,-3.584,0.003,-3.5809999999999995
0.04683122081387592,-3.5660000000000003,0.003,-3.563
0.04803202134756504,-3.5810000000000004,0.003,-3.5780000000000003
0.04923282188125416,-3.611,0.003,-3.608
0.050433622414943285,-3.573,0.003,-3.57
0.05163442294863242,-3.607,0.003,-3.604
0.05283522348232154,-3.572,0.003,-3.5689999999999995
0.05403602401601067,-3.562,0.003,-3.559
0.0552368245496998,-3.548,0.003,-3.545
0.056437625083388926,-3.543,0.003,-3.54
0.05763842561707805,-3.5580000000000003,0.003,-3.555
0.05883922615076718,-3.5869999999999997,0.003,-3.5839999999999996
0.0600400266844563,-3.5639999999999996,0.003,-3.5610000000000004
0.06124082721814542,-3.529,0.003,-3.5260000000000002
0.06244162775183455,-3.532,0.003,-3.529
0.06364242828552368,-3.5460000000000003,0.003,-3.543
0.06484322881921281,-3.537,0.003,-3.534
0.06604402935290192,-3.516,0.003,-3.513
0.06724482988659106,-3.563,0.003,-3.56
0.06844563042028018,-3.526,0.003,-3.523
0.0696464309539693,-3.533,0.003,-3.53
0.07084723148765844,-3.58,0.003,-3.577
0.07204803202134756,-3.506,0.003,-3.503
0.07324883255503667,-3.49,0.003,-3.487
0.07444963308872582,-3.5380000000000003,0.003,-3.535
0.07565043362241494,-3.513,0.003,-3.51
0.07685123415610406,-3.513,0.003,-3.51
0.07805203468979319,-3.478,0.003,-3.475
0.07925283522348231,-3.486,0.003,-3.483
0.08045363575717145,-3.533,0.003,-3.53
0.08165443629086057,-3.4789999999999996,0.003,-3.4760000000000004
0.08285523682454969,-3.531,0.003,-3.528
0.08405603735823883,-3.4789999999999996,0.003,-3.4760000000000004
0.08525683789192795,-3.487,0.003,-3.484
0.08645763842561707,-3.463,0.003,-3.46
0.0876584389593062,-3.458,0.003,-3.455
0.08885923949299533,-3.529,0.003,-3.5260000000000002
0.09006004002668445,-3.47,0.003,-3.467
0.09126084056037358,-3.468,0.003,-3.465
0.0924616410940627,-3.512,0.003,-3.509
0.09366244162775184,-3.4610000000000003,0.003,-3.458
0.09486324216144096,-3.497,0.003,-3.494
0.09606404269513008,-3.497,0.003,-3.494
0.0972648432288192,-3.497,0.003,-3.494
0.09846564376250833,-3.489,0.003,-3.486
0.09966644429619746,-3.505,0.003,-3.502
0.10086724482988657,-3.4360000000000004,0.003,-3.4330000000000003
0.10206804536357572,-3.452,0.003,-3.449
0.10326884589726484,-3.469,0.003,-3.466
0.10446964643095397,-3.471,0.003,-3.468
0.10567044696464307,-3.406,0.003,-3.403
0.1068712474983322,-3.446,0.003,-3.443
0.10807204803202132,-3.478,0.003,-3.475
0.10927284856571047,-3.4640000000000004,0.003,-3.4610000000000003
0.1104736490993996,-3.3939999999999997,0.003,-3.391
0.11167444963308873,-3.45,0.003,-3.447
0.11287525016677785,-3.404,0.003,-3.4010000000000002
0.11407605070046695,-3.412,0.003,-3.409
0.1152768512341561,-3.422,0.003,-3.419
0.11647765176784522,-3.404,0.003,-3.4010000000000002
0.11767845230153436,-3.4,0.003,-3.397
0.11887925283522348,-3.44,0.003,-3.437
0.1200800533689126,-3.392,0.003,-3.389
0.12128085390260172,-3.4330000000000003,0.003,-3.43
0.12248165443629085,-3.3680000000000003,0.003,-3.365
0.12368245496997997,-3.438,0.003,-3.435
0.1248832555036691,-3.343,0.003,-3.34
0.12608405603735826,-3.403,0.003,-3.4
0.12728485657104735,-3.3539999999999996,0.003,-3.3510000000000004
0.12848565710473647,-3.3710000000000004,0.003,-3.3680000000000003
0.12968645763842562,-3.367,0.003,-3.364
0.13088725817211475,-3.3230000000000004,0.003,-3.3200000000000003
0.13208805870580387,-3.338,0.003,-3.335
0.13328885923949302,-3.3480000000000003,0.003,-3.345
0.1344896597731821,-3.31,0.003,-3.3069999999999995
0.13569046030687126,-3.3689999999999998,0.003,-3.366
0.13689126084056036,-3.4010000000000002,0.003,-3.398
0.13809206137424948,-3.3760000000000003,0.003,-3.373
0.1392928619079386,-3.395,0.003,-3.392
0.14049366244162775,-3.367,0.003,-3.364
0.14169446297531688,-3.363,0.003,-3.36
0.14289526350900597,-3.335,0.003,-3.332
0.14409606404269512,-3.3240000000000003,0.003,-3.321
0.14529686457638424,-3.366,0.003,-3.3629999999999995
0.14649766511007334,-3.282,0.003,-3.2789999999999995
0.1476984656437625,-3.307,0.003,-3.304
0.14889926617745164,-3.307,0.003,-3.304
0.15010006671114076,-3.303,0.003,-3.3
0.15130086724482988,-3.3,0.003,-3.297
0.152501667778519,-3.293,0.003,-3.29
0.15370246831220813,-3.301,0.003,-3.298
0.15490326884589725,-3.318,0.003,-3.315
0.15610406937958635,-3.2840000000000003,0.003,-3.281
0.1573048699132755,-3.3320000000000003,0.003,-3.3289999999999997
0.15850567044696462,-3.286,0.003,-3.283
0.15970647098065374,-3.305,0.003,-3.302
0.1609072715143429,-3.289,0.003,-3.286
0.162108072048032,-3.2739999999999996,0.003,-3.2710000000000004
0.16330887258172114,-3.287,0.003,-3.284
0.16450967311541026,-3.318,0.003,-3.3149999999999995
0.16571047364909938,-3.247,0.003,-3.244
0.1669112741827885,-3.238,0.003,-3.235
0.16811207471647766,-3.2350000000000003,0.003,-3.2319999999999998
0.16931287525016678,-3.265,0.003,-3.262
0.1705136757838559,-3.227,0.003,-3.224
0.17171447631754502,-3.2510000000000003,0.003,-3.248
0.17291527685123415,-3.193,0.003,-3.19
0.17411607738492327,-3.232,0.003,-3.229
0.1753168779186124,-3.239,0.003,-3.236
0.1765176784523015,-3.228,0.003,-3.225
0.17771847898599066,-3.272,0.003,-3.2689999999999997
0.1789192795196798,-3.2260000000000004,0.003,-3.2230000000000003
0.1801200800533689,-3.228,0.003,-3.225
0.18132088058705806,-3.179,0.003,-3.176
0.18252168112074715,-3.2060000000000004,0.003,-3.2030000000000003
0.18372248165443628,-3.208,0.003,-3.205
0.1849232821881254,-3.213,0.003,-3.21
0.18612408272181447,-3.1830000000000003,0.003,-3.18
0.18732488325550367,-3.2110000000000003,0.003,-3.208
0.1885256837891928,-3.182,0.003,-3.179
0.18972648432288192,-3.239,0.003,-3.236
0.19092728485657104,-3.154,0.003,-3.1510000000000002
0.19212808539026016,-3.155,0.003,-3.1519999999999997
0.19332888592394928,-3.182,0.003,-3.179
0.1945296864576384,-3.1510000000000002,0.003,-3.148
0.19573048699132756,-3.182,0.003,-3.179
0.19693128752501665,-3.18,0.003,-3.177
0.1981320880587058,-3.153,0.003,-3.15
0.19933288859239487,-3.207,0.003,-3.204
0.20053368912608405,-3.198,0.003,-3.195
0.2017344896597732,-3.148,0.003,-3.145
0.2029352901934623,-3.148,0.003,-3.145
0.2041360907271514,-3.181,0.003,-3.178
0.20533689126084054,-3.093,0.003,-3.09
0.2065376917945297,-3.172,0.003,-3.169
0.2077384923282188,-3.114,0.003,-3.111
0.20893929286190796,-3.177,0.003,-3.174
0.21014009339559706,-3.123,0.003,-3.12
0.21134089392928615,-3.157,0.003,-3.154
0.2125416944629753,-3.091,0.003,-3.088
0.2137424949966644,-3.1100000000000003,0.003,-3.1069999999999998
0.21494329553035355,-3.161,0.003,-3.158
0.21614409606404267,-3.123,0.003,-3.12
0.21734489659773185,-3.071,0.003,-3.068
0.2185456971314209,-3.112,0.003,-3.109
0.21974649766511006,-3.093,0.003,-3.09
0.2209472981987992,-3.088,0.003,-3.085
0.2221480987324883,-3.103,0.003,-3.1
0.22334889926617746,-3.12,0.003,-3.117
0.22454969979986653,-3.093,0.003,-3.09
0.2257505003335557,-3.097,0.003,-3.094
0.22695130086724485,-3.097,0.003,-3.094
0.22815210140093395,-3.097,0.003,-3.094
0.2293529019346231,-3.0940000000000003,0.003,-3.091
0.2305537024683122,-3.051,0.003,-3.048
0.2317545030020013,-3.042,0.003,-3.039
0.23295530353569044,-3.0389999999999997,0.003,-3.036
0.2341561040693796,-3.0860000000000003,0.003,-3.083
0.2353569046030687,-3.0410000000000004,0.003,-3.0380000000000003
0.23655770513675786,-3.057,0.003,-3.054
0.23775850567044696,-3.006,0.003,-3.003
0.2389593062041361,-2.9810000000000003,0.003,-2.978
0.2401601067378252,-3.0639999999999996,0.003,-3.0610000000000004
0.2413609072715143,-3.045,0.003,-3.042
0.24256170780520345,-3.015,0.003,-3.012
0.24376250833889254,-2.998,0.003,-2.995
0.2449633088725817,-2.998,0.003,-2.995
0.24616410940627084,-2.958,0.003,-2.955
0.24736490993996,-2.96,0.003,-2.957
0.2485657104736491,-3.0250000000000004,0.003,-3.022
0.2497665110073382,-2.99,0.003,-2.987
0.25096731154102736,-3.012,0.003,-3.0089999999999995
0.2521681120747165,-3.015,0.003,-3.012
0.2533689126084056,-2.9560000000000004,0.003,-2.9530000000000003
0.2545697131420947,-2.97,0.003,-2.967
0.25577051367578385,-2.944,0.003,-2.9410000000000003
0.2569713142094729,-2.962,0.003,-2.959
0.2581721147431621,-2.9530000000000003,0.003,-2.95
0.25937291527685125,-2.958,0.003,-2.955
0.26057371581054034,-2.9939999999999998,0.003,-2.991
0.2617745163442295,-2.9410000000000003,0.003,-2.938
0.2629753168779186,-2.9290000000000003,0.003,-2.926
0.2641761174116077,-2.991,0.003,-2.988
0.26537691794529683,-2.963,0.003,-2.96
0.26657771847898604,-2.975,0.003,-2.972
0.2677785190126751,-2.9720000000000004,0.003,-2.9690000000000003
0.2689793195463642,-2.9330000000000003,0.003,-2.93
0.2701801200800534,-2.9219999999999997,0.003,-2.9189999999999996
0.2713809206137425,-2.9330000000000003,0.003,-2.93
0.2725817211474316,-2.938,0.003,-2.935
0.2737825216811207,-2.889,0.003,-2.886
0.2749833222148099,-2.903,0.003,-2.9
0.27618412274849896,-2.9370000000000003,0.003,-2.9339999999999997
0.2773849232821881,-2.9160000000000004,0.003,-2.9130000000000003
0.2785857238158772,-2.8870000000000005,0.003,-2.8840000000000003
0.2797865243495664,-2.8600000000000003,0.003,-2.8569999999999998
0.2809873248832555,-2.907,0.003,-2.904
0.2821881254169446,-2.826,0.003,-2.823
0.2833889259506337,-2.846,0.003,-2.843
0.28458972648432285,-2.9139999999999997,0.003,-2.911
0.28579052701801194,-2.866,0.003,-2.8629999999999995
0.2869913275517011,-2.867,0.003,-2.864
0.28819212808539024,-2.846,0.003,-2.843
0.2893929286190794,-2.825,0.003,-2.822
0.2905937291527685,-2.886,0.003,-2.883
0.29179452968645764,-2.822,0.003,-2.819
0.29299533022014673,-2.873,0.003,-2.87
0.2941961307538359,-2.858,0.003,-2.8549999999999995
0.29539693128752503,-2.795,0.003,-2.792
0.2965977318212141,-2.8510000000000004,0.003,-2.8480000000000003
0.2977985323549033,-2.7889999999999997,0.003,-2.786
0.2989993328885924,-2.864,0.003,-2.861
0.3002001334222815,-2.807,0.003,-2.804
0.3014009339559706,-2.813,0.003,-2.81
0.30260173448965977,-2.772,0.003,-2.769
0.3038025350233489,-2.826,0.003,-2.823
0.305003335557038,-2.8169999999999997,0.003,-2.8139999999999996
0.3062041360907271,-2.785,0.003,-2.782
0.30740493662441626,-2.74,0.003,-2.737
0.3086057371581054,-2.832,0.003,-2.829
0.3098065376917945,-2.775,0.003,-2.772
0.31100733822548365,-2.8080000000000003,0.003,-2.805
0.31220813875917275,-2.806,0.003,-2.803
0.3134089392928619,-2.737,0.003,-2.734
0.31460973982655105,-2.758,0.003,-2.755
0.3158105403602401,-2.712,0.003,-2.709
0.31701134089392924,-2.738,0.003,-2.735
0.3182121414276184,-2.781,0.003,-2.778
0.31941294196130754,-2.702,0.003,-2.699
0.32061374249499663,-2.7310000000000003,0.003,-2.728
0.3218145430286858,-2.715,0.003,-2.712
0.3230153435623749,-2.7260000000000004,0.003,-2.7230000000000003
0.32421614409606403,-2.738,0.003,-2.735
0.3254169446297531,-2.7190000000000003,0.003,-2.716
0.3266177451634423,-2.71,0.003,-2.707
0.3278185456971314,-2.688,0.003,-2.685
0.3290193462308205,-2.6689999999999996,0.003,-2.6660000000000004
0.3302201467645097,-2.698,0.003,-2.695
0.3314209472981988,-2.7060000000000004,0.003,-2.7030000000000003
0.3326217478318879,-2.657,0.003,-2.654
0.33382254836557695,-2.6830000000000003,0.003,-2.68
0.33502334889926616,-2.7239999999999998,0.003,-2.721
0.3362241494329553,-2.627,0.003,-2.624
0.3374249499666444,-2.635,0.003,-2.632
0.3386257505003336,-2.658,0.003,-2.655
0.33982655103402265,-2.622,0.003,-2.619
0.3410273515677118,-2.6580000000000004,0.003,-2.655
0.3422281521014009,-2.63,0.003,-2.627
0.34342895263509005,-2.6830000000000003,0.003,-2.68
0.34462975316877914,-2.636,0.003,-2.633
0.3458305537024683,-2.6710000000000003,0.003,-2.668
0.34703135423615744,-2.6039999999999996,0.003,-2.6010000000000004
0.3482321547698465,-2.676,0.003,-2.673
0.3494329553035357,-2.574,0.003,-2.571
0.3506337558372248,-2.5860000000000003,0.003,-2.583
0.35183455637091393,-2.5869999999999997,0.003,-2.5839999999999996
0.35303535690460297,-2.6069999999999998,0.003,-2.6039999999999996
0.3542361574382922,-2.642,0.003,-2.639
0.3554369579719813,-2.595,0.003,-2.592
0.3566377585056704,-2.568,0.003,-2.565
0.3578385590393596,-2.596,0.003,-2.593
0.3590393595730487,-2.6289999999999996,0.003,-2.6260000000000003
0.3602401601067378,-2.5789999999999997,0.003,-2.576
0.3614409606404269,-2.5900000000000003,0.003,-2.5869999999999997
0.3626417611741161,-2.568,0.003,-2.565
0.3638425617078052,-2.5269999999999997,0.003,-2.524
0.3650433622414943,-2.582,0.003,-2.579
0.36624416277518346,-2.542,0.003,-2.539
0.36744496330887255,-2.5469999999999997,0.003,-2.544
0.3686457638425617,-2.573,0.003,-2.57
0.3698465643762508,-2.54,0.003,-2.537
0.37104736490994,-2.539,0.003,-2.536
0.37224816544362893,-2.5610000000000004,0.003,-2.5580000000000003
0.3734489659773182,-2.565,0.003,-2.562
0.37464976651100734,-2.505,0.003,-2.502
0.3758505670446965,-2.5010000000000003,0.003,-2.498
0.3770513675783856,-2.5040000000000004,0.003,-2.5010000000000003
0.3782521681120747,-2.547,0.003,-2.544
0.37945296864576383,-2.502,0.003,-2.499
0.3806537691794529,-2.464,0.003,-2.461
0.3818545697131421,-2.492,0.003,-2.489
0.3830553702468312,-2.456,0.003,-2.4530000000000003
0.3842561707805203,-2.4490000000000003,0.003,-2.4459999999999997
0.3854569713142095,-2.476,0.003,-2.4730000000000003
0.38665777184789857,-2.5069999999999997,0.003,-2.504
0.3878585723815877,-2.452,0.003,-2.449
0.3890593729152768,-2.446,0.003,-2.443
0.390260173448966,-2.4530000000000003,0.003,-2.45
0.3914609739826551,-2.4459999999999997,0.003,-2.443
0.3926617745163442,-2.415,0.003,-2.412
0.3938625750500333,-2.454,0.003,-2.451
0.3950633755837225,-2.397,0.003,-2.394
0.3962641761174116,-2.437,0.003,-2.434
0.3974649766511007,-2.416,0.003,-2.4130000000000003
0.39866577718478985,-2.418,0.003,-2.415
0.3998665777184789,-2.4240000000000004,0.003,-2.4210000000000003
0.4010673782521681,-2.342,0.003,-2.339
0.4022681787858572,-2.4370000000000003,0.003,-2.434
0.4034689793195464,-2.351,0.003,-2.3480000000000003
0.4046697798532355,-2.407,0.003,-2.404
0.4058705803869246,-2.378,0.003,-2.375
0.4070713809206137,-2.351,0.003,-2.3480000000000003
0.4082721814543028,-2.423,0.003,-2.42
0.409472981987992,-2.408,0.003,-2.405
0.4106737825216811,-2.376,0.003,-2.373
0.4118745830553702,-2.32,0.003,-2.317
0.4130753835890594,-2.353,0.003,-2.35
0.4142761841227485,-2.353,0.003,-2.35
0.4154769846564376,-2.34,0.003,-2.337
0.4166777851901267,-2.333,0.003,-2.33
0.4178785857238159,-2.333,0.003,-2.33
0.41907938625750496,-2.292,0.003,-2.289
0.4202801867911941,-2.34,0.003,-2.337
0.4214809873248832,-2.2880000000000003,0.003,-2.285
0.4226817878585724,-2.256,0.003,-2.253
0.4238825883922615,-2.353,0.003,-2.35
0.4250833889259506,-2.335,0.003,-2.332
0.42628418945963975,-2.346,0.003,-2.343
0.4274849899933289,-2.278,0.003,-2.275
0.42868579052701794,-2.291,0.003,-2.2880000000000003
0.4298865910607071,-2.241,0.003,-2.238
0.43108739159439613,-2.2769999999999997,0.003,-2.274
0.4322881921280853,-2.27,0.003,-2.267
0.4334889926617745,-2.237,0.003,-2.234
0.4346897931954637,-2.306,0.003,-2.303
0.4358905937291527,-2.229,0.003,-2.226
0.4370913942628419,-2.279,0.003,-2.276
0.438292194796531,-2.271,0.003,-2.2680000000000002
0.4394929953302201,-2.207,0.003,-2.204
0.4406937958639092,-2.205,0.003,-2.202
0.4418945963975984,-2.228,0.003,-2.225
0.4430953969312875,-2.218,0.003,-2.215
0.4442961974649766,-2.23,0.003,-2.227
0.44549699799866577,-2.158,0.003,-2.155
0.4466977985323549,-2.182,0.003,-2.1790000000000003
0.447898599066044,-2.211,0.003,-2.208
0.4490993995997331,-2.189,0.003,-2.186
0.4503002001334223,-2.19,0.003,-2.187
0.4515010006671114,-2.186,0.003,-2.1830000000000003
0.4527018012008005,-2.177,0.003,-2.174
0.4539026017344897,-2.16,0.003,-2.157
0.4551034022681788,-2.129,0.003,-2.126
0.4563042028018679,-2.134,0.003,-2.131
0.457505003335557,-2.164,0.003,-2.161
0.4587058038692461,-2.1519999999999997,0.003,-2.149
0.4599066044029352,-2.117,0.003,-2.114
0.4611074049366244,-2.131,0.003,-2.128
0.4623082054703136,-2.124,0.003,-2.121
0.4635090060040026,-2.1319999999999997,0.003,-2.129
0.4647098065376918,-2.127,0.003,-2.124
0.4659106070713809,-2.0740000000000003,0.003,-2.0709999999999997
0.46711140760507,-2.087,0.003,-2.084
0.4683122081387591,-2.112,0.003,-2.109
0.4695130086724483,-2.0940000000000003,0.003,-2.0909999999999997
0.4707138092061374,-2.121,0.003,-2.1180000000000003
0.4719146097398265,-2.135,0.003,-2.132
0.4731154102735157,-2.048,0.003,-2.045
0.4743162108072048,-2.061,0.003,-2.0580000000000003
0.4755170113408939,-2.059,0.003,-2.056
0.4767178118745829,-2.074,0.003,-2.071
0.4779186124082722,-2.072,0.003,-2.069
0.4791194129419613,-2.08,0.003,-2.077
0.4803202134756504,-2.075,0.003,-2.072
0.4815210140093396,-2.0540000000000003,0.003,-2.051
0.4827218145430287,-2.047,0.003,-2.044
0.4839226150767178,-2.0140000000000002,0.003,-2.011
0.4851234156104069,-2.033,0.003,-2.03
0.486324216144096,-2.026,0.003,-2.023
0.4875250166777851,-2.0380000000000003,0.003,-2.035
0.4887258172114743,-2.046,0.003,-2.043
0.4899266177451634,-2.007,0.003,-2.004
0.4911274182788525,-1.976,0.003,-1.973
0.4923282188125417,-2.008,0.003,-2.005
0.4935290193462308,-1.9680000000000002,0.003,-1.965
0.4947298198799199,-1.9769999999999999,0.003,-1.974
0.495930620413609,-1.9480000000000002,0.003,-1.945
0.4971314209472982,-1.98,0.003,-1.9769999999999999
0.4983322214809873,-1.932,0.003,-1.929
0.4995330220146764,-1.9669999999999999,0.003,-1.964
0.5007338225483655,-1.954,0.003,-1.9510000000000003
0.5019346230820547,-1.966,0.003,-1.963
0.5031354236157438,-1.96,0.003,-1.9569999999999999
0.5043362241494329,-1.9509999999999998,0.003,-1.948
0.505537024683122,-1.953,0.003,-1.95
0.5067378252168112,-1.91,0.003,-1.9070000000000005
0.5079386257505003,-1.945,0.003,-1.942
0.5091394262841894,-1.954,0.003,-1.9509999999999998
0.5103402268178786,-1.902,0.003,-1.899
0.5115410273515677,-1.93,0.003,-1.9269999999999998
0.5127418278852568,-1.879,0.003,-1.876
0.5139426284189459,-1.88,0.003,-1.877
0.5151434289526351,-1.899,0.003,-1.896
0.5163442294863242,-1.858,0.003,-1.855
0.5175450300200133,-1.937,0.003,-1.9340000000000002
0.5187458305537025,-1.892,0.003,-1.889
0.5199466310873916,-1.88,0.003,-1.877
0.5211474316210807,-1.875,0.003,-1.8719999999999999
0.5223482321547698,-1.876,0.003,-1.873
0.523549032688459,-1.906,0.003,-1.903
0.5247498332221481,-1.879,0.003,-1.876
0.5259506337558372,-1.851,0.003,-1.848
0.5271514342895263,-1.838,0.003,-1.835
0.5283522348232155,-1.832,0.003,-1.829
0.5295530353569046,-1.817,0.003,-1.8140000000000005
0.5307538358905937,-1.82,0.003,-1.817
0.5319546364242829,-1.831,0.003,-1.828
0.5331554369579721,-1.82,0.003,-1.817
0.5343562374916611,-1.8530000000000002,0.003,-1.85
0.5355570380253502,-1.7970000000000002,0.003,-1.7940000000000005
0.5367578385590394,-1.806,0.003,-1.803
0.5379586390927285,-1.7560000000000002,0.003,-1.7530000000000003
0.5391594396264175,-1.8419999999999999,0.003,-1.839
0.5403602401601068,-1.774,0.003,-1.771
0.5415610406937958,-1.807,0.003,-1.804
0.5427618412274849,-1.75,0.003,-1.7469999999999999
0.5439626417611739,-1.7790000000000001,0.003,-1.776
0.5451634422948632,-1.7590000000000001,0.003,-1.756
0.5463642428285523,-1.765,0.003,-1.7620000000000002
0.5475650433622414,-1.759,0.003,-1.7560000000000002
0.5487658438959306,-1.76,0.003,-1.757
0.5499666444296197,-1.735,0.003,-1.732
0.5511674449633088,-1.6909999999999998,0.003,-1.6880000000000002
0.5523682454969979,-1.7720000000000002,0.003,-1.7690000000000003
0.5535690460306871,-1.733,0.003,-1.7300000000000002
0.5547698465643762,-1.7160000000000002,0.003,-1.7130000000000003
0.5559706470980653,-1.713,0.003,-1.7100000000000002
0.5571714476317544,-1.733,0.003,-1.7300000000000002
0.5583722481654436,-1.6980000000000002,0.003,-1.695
0.5595730486991327,-1.7009999999999998,0.003,-1.6980000000000002
0.5607738492328218,-1.6769999999999998,0.003,-1.6740000000000002
0.561974649766511,-1.692,0.003,-1.689
0.5631754503002001,-1.6829999999999998,0.003,-1.68
0.5643762508338892,-1.725,0.003,-1.7220000000000002
0.5655770513675783,-1.673,0.003,-1.6700000000000002
0.5667778519012675,-1.6269999999999998,0.003,-1.624
0.5679786524349566,-1.702,0.003,-1.699
0.5691794529686457,-1.683,0.003,-1.6800000000000002
0.5703802535023349,-1.6509999999999998,0.003,-1.6480000000000001
0.5715810540360239,-1.649,0.003,-1.646
0.5727818545697131,-1.641,0.003,-1.638
0.5739826551034022,-1.601,0.003,-1.598
0.5751834556370914,-1.612,0.003,-1.609
0.5763842561707805,-1.601,0.003,-1.598
0.5775850567044696,-1.6189999999999998,0.003,-1.616
0.5787858572381588,-1.6440000000000001,0.003,-1.641
0.5799866577718479,-1.641,0.003,-1.638
0.581187458305537,-1.636,0.003,-1.6330000000000002
0.5823882588392261,-1.645,0.003,-1.642
0.5835890593729153,-1.5949999999999998,0.003,-1.592
0.5847898599066044,-1.585,0.003,-1.5819999999999999
0.5859906604402935,-1.6130000000000002,0.003,-1.61
0.5871914609739827,-1.5519999999999998,0.003,-1.5490000000000002
0.5883922615076718,-1.5319999999999998,0.003,-1.529
0.5895930620413609,-1.5319999999999998,0.003,-1.529
0.5907938625750501,-1.561,0.003,-1.558
0.5919946631087392,-1.571,0.003,-1.568
0.5931954636424283,-1.604,0.003,-1.6010000000000002
0.5943962641761174,-1.506,0.003,-1.503
0.5955970647098066,-1.5219999999999998,0.003,-1.519
0.5967978652434957,-1.555,0.003,-1.5519999999999998
0.5979986657771847,-1.544,0.003,-1.541
0.5991994663108738,-1.5430000000000001,0.003,-1.54
0.6004002668445629,-1.5539999999999998,0.003,-1.551
0.6016010673782521,-1.4980000000000002,0.003,-1.495
0.6028018679119412,-1.5519999999999998,0.003,-1.5490000000000002
0.6040026684456303,-1.521,0.003,-1.518
0.6052034689793195,-1.545,0.003,-1.5419999999999998
0.6064042695130086,-1.534,0.003,-1.531
0.6076050700466977,-1.52,0.003,-1.517
0.6088058705803869,-1.4909999999999999,0.003,-1.4880000000000002
0.610006671114076,-1.482,0.003,-1.479
0.6112074716477651,-1.5019999999999998,0.003,-1.499
0.6124082721814542,-1.462,0.003,-1.459
0.6136090727151434,-1.464,0.003,-1.4609999999999999
0.6148098732488325,-1.4980000000000002,0.003,-1.495
0.6160106737825216,-1.4909999999999999,0.003,-1.4880000000000002
0.6172114743162108,-1.499,0.003,-1.4960000000000002
0.6184122748498999,-1.413,0.003,-1.41
0.619613075383589,-1.472,0.003,-1.469
0.6208138759172781,-1.415,0.003,-1.412
0.6220146764509673,-1.4340000000000002,0.003,-1.4310000000000005
0.6232154769846564,-1.389,0.003,-1.386
0.6244162775183455,-1.413,0.003,-1.41
0.6256170780520347,-1.4409999999999998,0.003,-1.4380000000000002
0.6268178785857238,-1.461,0.003,-1.4580000000000002
0.6280186791194129,-1.442,0.003,-1.439
0.6292194796531021,-1.3969999999999998,0.003,-1.394
0.6304202801867912,-1.398,0.003,-1.3950000000000002
0.6316210807204803,-1.423,0.003,-1.4200000000000002
0.6328218812541694,-1.383,0.003,-1.38
0.6340226817878585,-1.38,0.003,-1.3769999999999998
0.6352234823215477,-1.368,0.003,-1.365
0.6364242828552368,-1.367,0.003,-1.364
0.6376250833889259,-1.389,0.003,-1.386
0.6388258839226151,-1.3619999999999999,0.003,-1.3590000000000002
0.6400266844563042,-1.34,0.003,-1.337
0.6412274849899933,-1.3259999999999998,0.003,-1.3230000000000002
0.6424282855236824,-1.3730000000000002,0.003,-1.37
0.6436290860573716,-1.3259999999999998,0.003,-1.3230000000000002
0.6448298865910607,-1.347,0.003,-1.344
0.6460306871247498,-1.328,0.003,-1.3250000000000002
0.647231487658439,-1.33,0.003,-1.3270000000000002
0.6484322881921281,-1.3,0.003,-1.2970000000000002
0.6496330887258172,-1.3130000000000002,0.003,-1.3100000000000005
0.6508338892595062,-1.3619999999999999,0.003,-1.3590000000000002
0.6520346897931955,-1.291,0.003,-1.288
0.6532354903268845,-1.3010000000000002,0.003,-1.2980000000000005
0.6544362908605736,-1.331,0.003,-1.328
0.6556370913942628,-1.319,0.003,-1.3159999999999998
0.6568378919279521,-1.291,0.003,-1.288
0.6580386924616409,-1.3250000000000002,0.003,-1.3220000000000005
0.6592394929953301,-1.3210000000000002,0.003,-1.3180000000000005
0.6604402935290193,-1.272,0.003,-1.269
0.6616410940627084,-1.275,0.003,-1.272
0.6628418945963975,-1.256,0.003,-1.253
0.6640426951300867,-1.264,0.003,-1.261
0.6652434956637758,-1.251,0.003,-1.248
0.6664442961974649,-1.273,0.003,-1.2700000000000002
0.6676450967311539,-1.2240000000000002,0.003,-1.2210000000000003
0.6688458972648432,-1.239,0.003,-1.236
0.6700466977985323,-1.214,0.003,-1.2109999999999999
0.6712474983322214,-1.1960000000000002,0.003,-1.1930000000000005
0.6724482988659106,-1.21,0.003,-1.207
0.6736490993995997,-1.219,0.003,-1.2160000000000002
0.6748498999332888,-1.229,0.003,-1.2260000000000002
0.6760507004669779,-1.2360000000000002,0.003,-1.2330000000000003
0.6772515010006671,-1.2040000000000002,0.003,-1.2010000000000003
0.6784523015343562,-1.2040000000000002,0.003,-1.2010000000000003
0.6796531020680453,-1.245,0.003,-1.2420000000000002
0.6808539026017344,-1.229,0.003,-1.2260000000000002
0.6820547031354236,-1.213,0.003,-1.2100000000000002
0.6832555036691127,-1.2209999999999999,0.003,-1.2180000000000002
0.6844563042028018,-1.156,0.003,-1.1530000000000002
0.685657104736491,-1.1720000000000002,0.003,-1.1690000000000005
0.6868579052701801,-1.142,0.003,-1.1390000000000002
0.6880587058038692,-1.156,0.003,-1.153
0.6892595063375583,-1.169,0.003,-1.166
0.6904603068712475,-1.1629999999999998,0.003,-1.16
0.6916611074049366,-1.196,0.003,-1.193
0.6928619079386257,-1.131,0.003,-1.128
0.6940627084723149,-1.143,0.003,-1.14
0.6952635090060041,-1.188,0.003,-1.185
0.6964643095396931,-1.1520000000000001,0.003,-1.149
0.6976651100733822,-1.163,0.003,-1.16
0.6988659106070714,-1.124,0.003,-1.121
0.7000667111407605,-1.161,0.003,-1.158
0.7012675116744496,-1.153,0.003,-1.15
0.7024683122081388,-1.122,0.003,-1.119
0.7036691127418279,-1.104,0.003,-1.1010000000000002
0.7048699132755171,-1.097,0.003,-1.094
0.7060707138092059,-1.148,0.003,-1.145
0.7072715143428953,-1.089,0.003,-1.0859999999999999
0.7084723148765844,-1.125,0.003,-1.122
0.7096731154102734,-1.095,0.003,-1.092
0.7108739159439625,-1.119,0.003,-1.1159999999999999
0.7120747164776517,-1.081,0.003,-1.078
0.7132755170113408,-1.0390000000000001,0.003,-1.036
0.7144763175450299,-1.054,0.003,-1.0510000000000002
0.7156771180787191,-1.034,0.003,-1.031
0.7168779186124082,-1.091,0.003,-1.088
0.7180787191460973,-1.0759999999999998,0.003,-1.0730000000000002
0.7192795196797864,-1.079,0.003,-1.0759999999999998
0.7204803202134756,-1.083,0.003,-1.08
0.7216811207471647,-1.0779999999999998,0.003,-1.075
0.7228819212808538,-1.085,0.003,-1.082
0.724082721814543,-1.052,0.003,-1.0490000000000002
0.7252835223482321,-1.008,0.003,-1.005
0.7264843228819212,-1.0490000000000002,0.003,-1.046
0.7276851234156103,-1.045,0.003,-1.042
0.7288859239492995,-0.9990000000000001,0.003,-0.996
0.7300867244829886,-1.007,0.003,-1.0040000000000002
0.7312875250166777,-1.04,0.003,-1.037
0.7324883255503669,-1.046,0.003,-1.043
0.7336891260840559,-1.02,0.003,-1.017
0.7348899266177451,-0.99,0.003,-0.987
0.7360907271514342,-0.972,0.003,-0.9690000000000001
0.7372915276851234,-0.978,0.003,-0.975
0.7384923282188125,-1.011,0.003,-1.0080000000000002
0.7396931287525016,-0.977,0.003,-0.9740000000000001
0.7408939292861908,-1.008,0.003,-1.005
0.7420947298198799,-0.955,0.003,-0.9520000000000001
0.7432955303535691,-0.934,0.003,-0.931
0.7444963308872581,-0.9490000000000001,0.003,-0.946
0.7456971314209473,-0.946,0.003,-0.943
0.7468979319546364,-0.956,0.003,-0.953
0.7480987324883255,-0.9420000000000001,0.003,-0.9390000000000001
0.7492995330220147,-0.9329999999999999,0.003,-0.93
0.7505003335557038,-0.941,0.003,-0.938
0.7517011340893929,-0.941,0.003,-0.938
0.752901934623082,-0.917,0.003,-0.914
0.7541027351567712,-0.919,0.003,-0.9159999999999999
0.7553035356904603,-0.94,0.003,-0.937
0.7565043362241494,-0.9129999999999999,0.003,-0.91
0.7577051367578385,-0.91,0.003,-0.907
0.7589059372915277,-0.887,0.003,-0.884
0.7601067378252168,-0.9009999999999999,0.003,-0.898
0.7613075383589059,-0.948,0.003,-0.945
0.7625083388925951,-0.9179999999999999,0.003,-0.915
0.7637091394262842,-0.887,0.003,-0.884
0.7649099399599733,-0.932,0.003,-0.929
0.7661107404936623,-0.856,0.003,-0.853
0.7673115410273516,-0.855,0.003,-0.852
0.7685123415610406,-0.907,0.003,-0.904
0.7697131420947297,-0.89,0.003,-0.887
0.7709139426284191,-0.884,0.003,-0.8809999999999999
0.7721147431621079,-0.86,0.003,-0.857
0.7733155436957971,-0.8490000000000001,0.003,-0.846
0.7745163442294862,-0.892,0.003,-0.889
0.7757171447631754,-0.853,0.003,-0.85
0.7769179452968645,-0.8320000000000001,0.003,-0.8290000000000001
0.7781187458305536,-0.8140000000000001,0.003,-0.8109999999999999
0.7793195463642428,-0.875,0.003,-0.872
0.7805203468979319,-0.8420000000000001,0.003,-0.8390000000000001
0.7817211474316209,-0.878,0.003,-0.875
0.7829219479653101,-0.8480000000000001,0.003,-0.8450000000000001
0.7841227484989993,-0.8310000000000001,0.003,-0.8280000000000001
0.7853235490326884,-0.787,0.003,-0.784
0.7865243495663775,-0.79,0.003,-0.787
0.7877251501000666,-0.861,0.003,-0.858
0.7889259506337558,-0.8420000000000001,0.003,-0.8390000000000001
0.7901267511674449,-0.805,0.003,-0.802
0.791327551701134,-0.7879999999999999,0.003,-0.785
0.7925283522348232,-0.8,0.003,-0.797
0.7937291527685123,-0.763,0.003,-0.76
0.7949299533022014,-0.8360000000000001,0.003,-0.8330000000000001
0.7961307538358905,-0.8059999999999999,0.003,-0.8029999999999999
0.7973315543695797,-0.767,0.003,-0.764
0.7985323549032688,-0.767,0.003,-0.764
0.7997331554369579,-0.7809999999999999,0.003,-0.778
0.8009339559706471,-0.79,0.003,-0.787
0.8021347565043362,-0.779,0.003,-0.7759999999999999
0.8033355570380253,-0.7330000000000001,0.003,-0.7300000000000001
0.8045363575717144,-0.8059999999999999,0.003,-0.8029999999999999
0.8057371581054036,-0.7809999999999999,0.003,-0.778
0.8069379586390927,-0.7390000000000001,0.003,-0.7360000000000001
0.8081387591727818,-0.7340000000000001,0.003,-0.7310000000000001
0.809339559706471,-0.7450000000000001,0.003,-0.7420000000000001
0.8105403602401601,-0.7270000000000001,0.003,-0.7240000000000001
0.8117411607738492,-0.777,0.003,-0.774
0.8129419613075383,-0.7230000000000001,0.003,-0.7200000000000001
0.8141427618412275,-0.7100000000000001,0.003,-0.7070000000000001
0.8153435623749166,-0.7120000000000001,0.003,-0.7090000000000001
0.8165443629086057,-0.7619999999999999,0.003,-0.7589999999999999
0.8177451634422949,-0.737,0.003,-0.7340000000000001
0.818945963975984,-0.736,0.003,-0.733
0.8201467645096729,-0.754,0.003,-0.7509999999999999
0.8213475650433621,-0.736,0.003,-0.733
0.8225483655770514,-0.6819999999999999,0.003,-0.6789999999999999
0.8237491661107404,-0.718,0.003,-0.715
0.8249499666444295,-0.7390000000000001,0.003,-0.736
0.8261507671781188,-0.706,0.003,-0.703
0.8273515677118078,-0.6739999999999999,0.003,-0.6709999999999999
0.8285523682454969,-0.7040000000000001,0.003,-0.701
0.8297531687791858,-0.725,0.003,-0.722
0.8309539693128752,-0.705,0.003,-0.7020000000000001
0.8321547698465643,-0.6769999999999999,0.003,-0.6739999999999999
0.8333555703802534,-0.659,0.003,-0.6559999999999999
0.8345563709139425,-0.6459999999999999,0.003,-0.6429999999999999
0.8357571714476317,-0.6689999999999999,0.003,-0.6659999999999999
0.8369579719813208,-0.693,0.003,-0.69
0.8381587725150099,-0.7020000000000001,0.003,-0.6990000000000001
0.8393595730486991,-0.632,0.003,-0.629
0.8405603735823882,-0.631,0.003,-0.628
0.8417611741160773,-0.6459999999999999,0.003,-0.6429999999999999
0.8429619746497664,-0.6379999999999999,0.003,-0.6349999999999999
0.8441627751834556,-0.624,0.003,-0.621
0.8453635757171447,-0.62,0.003,-0.617
0.8465643762508338,-0.657,0.003,-0.654
0.847765176784523,-0.61,0.003,-0.607
0.8489659773182121,-0.637,0.003,-0.634
0.8501667778519012,-0.6559999999999999,0.003,-0.6529999999999999
0.8513675783855903,-0.6519999999999999,0.003,-0.6489999999999999
0.8525683789192795,-0.596,0.003,-0.593
0.8537691794529686,-0.5920000000000001,0.003,-0.589
0.8549699799866577,-0.603,0.003,-0.6
0.8561707805203469,-0.591,0.003,-0.588
0.8573715810540359,-0.599,0.003,-0.596
0.8585723815877251,-0.5760000000000001,0.003,-0.573
0.8597731821214142,-0.631,0.003,-0.628
0.8609739826551034,-0.613,0.003,-0.61
0.8621747831887925,-0.617,0.003,-0.614
0.8633755837224816,-0.569,0.003,-0.5660000000000001
0.8645763842561707,-0.556,0.003,-0.5529999999999999
0.8657771847898599,-0.598,0.003,-0.595
0.8669779853235491,-0.5509999999999999,0.003,-0.5479999999999999
0.8681787858572381,-0.552,0.003,-0.5489999999999999
0.8693795863909273,-0.5579999999999999,0.003,-0.555
0.8705803869246164,-0.5529999999999999,0.003,-0.5499999999999999
0.8717811874583055,-0.5449999999999999,0.003,-0.5419999999999999
0.8729819879919946,-0.5700000000000001,0.003,-0.5670000000000001
0.8741827885256838,-0.525,0.003,-0.522
0.8753835890593729,-0.581,0.003,-0.578
0.876584389593062,-0.5680000000000001,0.003,-0.5650000000000001
0.8777851901267512,-0.5920000000000001,0.003,-0.5890000000000001
0.8789859906604403,-0.5860000000000001,0.003,-0.5830000000000001
0.8801867911941293,-0.532,0.003,-0.529
0.8813875917278184,-0.527,0.003,-0.524
0.8825883922615076,-0.556,0.003,-0.5529999999999999
0.8837891927951967,-0.5409999999999999,0.003,-0.5379999999999999
0.8849899933288858,-0.5710000000000001,0.003,-0.568
0.886190793862575,-0.506,0.003,-0.503
0.8873915943962641,-0.491,0.003,-0.488
0.8885923949299532,-0.531,0.003,-0.528
0.8897931954636423,-0.485,0.003,-0.48200000000000004
0.8909939959973315,-0.504,0.003,-0.501
0.8921947965310206,-0.513,0.003,-0.51
0.8933955970647097,-0.527,0.003,-0.524
0.8945963975983989,-0.523,0.003,-0.52
0.895797198132088,-0.49200000000000005,0.003,-0.489
0.8969979986657771,-0.49700000000000005,0.003,-0.494
0.8981987991994662,-0.509,0.003,-0.506
0.8993995997331554,-0.47,0.003,-0.467
0.9006004002668445,-0.46799999999999997,0.003,-0.465
0.9018012008005336,-0.4930000000000001,0.003,-0.4900000000000001
0.9030020013342228,-0.522,0.003,-0.519
0.904202801867912,-0.4950000000000001,0.003,-0.4920000000000001
0.9054036024016009,-0.45799999999999996,0.003,-0.455
0.90660440293529,-0.512,0.003,-0.509
0.9078052034689792,-0.476,0.003,-0.473
0.9090060040026684,-0.462,0.003,-0.45899999999999996
0.9102068045363576,-0.446,0.003,-0.44299999999999995
0.9114076050700466,-0.447,0.003,-0.444
0.9126084056037358,-0.444,0.003,-0.441
0.9138092061374248,-0.45899999999999996,0.003,-0.456
0.915010006671114,-0.445,0.003,-0.442
0.9162108072048032,-0.4330000000000001,0.003,-0.4300000000000001
0.9174116077384924,-0.4920000000000001,0.003,-0.4890000000000001
0.9186124082721814,-0.4480000000000001,0.003,-0.4450000000000001
0.9198132088058704,-0.415,0.003,-0.412
0.9210140093395596,-0.4510000000000001,0.003,-0.4480000000000001
0.9222148098732488,-0.416,0.003,-0.413
0.923415610406938,-0.4480000000000001,0.003,-0.4450000000000001
0.9246164109406272,-0.413,0.003,-0.41
0.9258172114743162,-0.4470000000000001,0.003,-0.4440000000000001
0.9270180120080052,-0.4550000000000001,0.003,-0.4520000000000001
0.9282188125416944,-0.39399999999999996,0.003,-0.391
0.9294196130753836,-0.4450000000000001,0.003,-0.4420000000000001
0.9306204136090728,-0.4470000000000001,0.003,-0.4440000000000001
0.9318212141427618,-0.4,0.003,-0.397
0.933022014676451,-0.38,0.003,-0.377
0.93422281521014,-0.381,0.003,-0.37799999999999995
0.9354236157438292,-0.382,0.003,-0.379
0.9366244162775182,-0.391,0.003,-0.38799999999999996
0.9378252168112076,-0.39899999999999997,0.003,-0.396
0.9390260173448964,-0.427,0.003,-0.4239999999999999
0.9402268178785856,-0.375,0.003,-0.37200000000000005
0.9414276184122748,-0.4179999999999999,0.003,-0.4149999999999999
0.942628418945964,-0.4099999999999999,0.003,-0.4069999999999999
0.9438292194796529,-0.4099999999999999,0.003,-0.4069999999999999
0.945030020013342,-0.4049999999999999,0.003,-0.4019999999999999
0.9462308205470312,-0.363,0.003,-0.36
0.9474316210807204,-0.361,0.003,-0.358
0.9486324216144096,-0.3929999999999999,0.003,-0.3899999999999999
0.9498332221480986,-0.353,0.003,-0.35
0.9510340226817878,-0.385,0.003,-0.382
0.9522348232154768,-0.34700000000000003,0.003,-0.344
0.9534356237491658,-0.38,0.003,-0.377
0.9546364242828552,-0.336,0.003,-0.333
0.9558372248165444,-0.343,0.003,-0.34
0.9570380253502334,-0.375,0.003,-0.37200000000000005
0.9582388258839224,-0.371,0.003,-0.368
0.9594396264176116,-0.332,0.003,-0.329
0.9606404269513008,-0.333,0.003,-0.33
0.96184122748499,-0.377,0.003,-0.374
0.9630420280186792,-0.335,0.003,-0.332
0.9642428285523682,-0.343,0.003,-0.34
0.9654436290860572,-0.341,0.003,-0.338
0.9666444296197464,-0.349,0.003,-0.34600000000000003
0.9678452301534356,-0.364,0.003,-0.361
0.9690460306871248,-0.32099999999999995,0.003,-0.31799999999999995
0.9702468312208138,-0.337,0.003,-0.334
0.971447631754503,-0.32099999999999995,0.003,-0.31799999999999995
0.972648432288192,-0.329,0.003,-0.326
0.9738492328218812,-0.30099999999999993,0.003,-0.29799999999999993
0.9750500333555704,-0.358,0.003,-0.355
0.9762508338892596,-0.29399999999999993,0.003,-0.2909999999999999
0.9774516344229486,-0.2909999999999999,0.003,-0.2879999999999999
0.9786524349566376,-0.329,0.003,-0.326
0.9798532354903268,-0.32099999999999995,0.003,-0.31799999999999995
0.981054036024016,-0.28300000000000003,0.003,-0.28
0.9822548365577052,-0.31999999999999995,0.003,-0.31699999999999995
0.9834556370913942,-0.333,0.003,-0.33
0.9846564376250834,-0.334,0.003,-0.331
0.9858572381587724,-0.29899999999999993,0.003,-0.29599999999999993
0.9870580386924616,-0.30699999999999994,0.003,-0.30399999999999994
0.9882588392261508,-0.267,0.003,-0.264
0.98945963975984,-0.31199999999999994,0.003,-0.30899999999999994
0.9906604402935291,-0.28800000000000003,0.003,-0.28500000000000003
0.991861240827218,-0.267,0.003,-0.264
0.9930620413609073,-0.32099999999999995,0.003,-0.31799999999999995
0.9942628418945963,-0.30100000000000005,0.003,-0.29800000000000004
0.9954636424282854,-0.259,0.003,-0.256
0.9966644429619744,-0.30999999999999994,0.003,-0.30699999999999994
0.9978652434956636,-0.27,0.003,-0.267
0.9990660440293528,-0.30400000000000005,0.003,-0.30100000000000005
1.0002668445630418,-0.30999999999999994,0.003,-0.30699999999999994
1.0014676450967308,-0.24,0.003,-0.237
1.0026684456304202,-0.259,0.003,-0.256
1.0038692461641094,-0.2549999999999999,0.003,-0.2519999999999999
1.0050700466977984,-0.2349999999999999,0.003,-0.2319999999999999
1.0062708472314876,-0.244,0.003,-0.24100000000000002
1.0074716477651766,-0.226,0.003,-0.223
1.0086724482988658,-0.2279999999999999,0.003,-0.22499999999999987
1.009873248832555,-0.2879999999999999,0.003,-0.2849999999999999
1.011074049366244,-0.2489999999999999,0.003,-0.2459999999999999
1.0122748498999332,-0.23,0.003,-0.227
1.0134756504336224,-0.2269999999999999,0.003,-0.22399999999999987
1.0146764509673114,-0.28200000000000003,0.003,-0.27899999999999997
1.0158772515010006,-0.2319999999999999,0.003,-0.2289999999999999
1.0170780520346898,-0.215,0.003,-0.212
1.0182788525683788,-0.261,0.003,-0.258
1.019479653102068,-0.27,0.003,-0.267
1.0206804536357572,-0.268,0.003,-0.265
1.0218812541694462,-0.2549999999999999,0.003,-0.2519999999999999
1.0230820547031354,-0.2709999999999999,0.003,-0.2679999999999999
1.0242828552368244,-0.226,0.003,-0.223
1.0254836557705136,-0.21,0.003,-0.207
1.0266844563042028,-0.21699999999999986,0.003,-0.21399999999999986
1.0278852568378918,-0.2439999999999999,0.003,-0.2409999999999999
1.029086057371581,-0.20400000000000007,0.003,-0.20100000000000007
1.0302868579052702,-0.19699999999999995,0.003,-0.19399999999999995
1.0314876584389592,-0.19800000000000006,0.003,-0.19500000000000006
1.0326884589726484,-0.19500000000000006,0.003,-0.1920000000000001
1.0338892595063376,-0.18799999999999994,0.003,-0.18499999999999994
1.0350900600400266,-0.23,0.003,-0.227
1.0362908605737158,-0.18999999999999995,0.003,-0.18699999999999994
1.037491661107405,-0.18799999999999994,0.003,-0.18499999999999994
1.0386924616410942,-0.17800000000000005,0.003,-0.17500000000000004
1.0398932621747832,-0.24600000000000002,0.003,-0.243
1.0410940627084722,-0.209,0.003,-0.206
1.0422948632421614,-0.18299999999999994,0.003,-0.17999999999999994
1.0434956637758506,-0.2230000000000001,0.003,-0.22000000000000008
1.0446964643095396,-0.18300000000000005,0.003,-0.18000000000000005
1.0458972648432288,-0.17700000000000005,0.003,-0.17400000000000004
1.047098065376918,-0.17199999999999993,0.003,-0.16899999999999993
1.0482988659106072,-0.19799999999999995,0.003,-0.19499999999999995
1.0494996664442962,-0.1910000000000001,0.003,-0.18800000000000008
1.0507004669779854,-0.216,0.003,-0.213
1.0519012675116743,-0.17000000000000004,0.003,-0.16700000000000004
1.0531020680453635,-0.18500000000000005,0.003,-0.18200000000000005
1.0543028685790523,-0.15499999999999992,0.003,-0.1519999999999999
1.0555036691127415,-0.16299999999999992,0.003,-0.15999999999999992
1.056704469646431,-0.17999999999999994,0.003,-0.17699999999999996
1.05790527018012,-0.1469999999999999,0.003,-0.1439999999999999
1.0591060707138091,-0.1449999999999999,0.003,-0.1419999999999999
1.0603068712474983,-0.1469999999999999,0.003,-0.1439999999999999
1.061507671781187,-0.1910000000000001,0.003,-0.18800000000000008
1.0627084723148763,-0.1489999999999999,0.003,-0.1459999999999999
1.0639092728485655,-0.18800000000000008,0.003,-0.18500000000000005
1.0651100733822547,-0.16999999999999993,0.003,-0.16699999999999993
1.0663108739159441,-0.1529999999999999,0.003,-0.1499999999999999
1.0675116744496331,-0.17299999999999993,0.003,-0.16999999999999993
1.068712474983322,-0.1449999999999999,0.003,-0.1419999999999999
1.069913275517011,-0.17699999999999996,0.003,-0.17399999999999993
1.0711140760507003,-0.139,0.003,-0.136
1.0723148765843895,-0.19899999999999995,0.003,-0.19599999999999995
1.0735156771180787,-0.17600000000000005,0.003,-0.17300000000000004
1.0747164776517677,-0.16400000000000006,0.003,-0.16100000000000006
1.075917278185457,-0.1479999999999999,0.003,-0.1449999999999999
1.0771180787191459,-0.17600000000000005,0.003,-0.17300000000000004
1.0783188792528349,-0.1270000000000001,0.003,-0.12400000000000012
1.0795196797865243,-0.16799999999999993,0.003,-0.16499999999999992
1.0807204803202135,-0.16599999999999993,0.003,-0.16299999999999992
1.0819212808539025,-0.18600000000000005,0.003,-0.18300000000000005
1.0831220813875917,-0.18500000000000005,0.003,-0.18200000000000005
1.084322881921281,-0.12100000000000012,0.003,-0.1180000000000001
1.08552368245497,-0.15500000000000005,0.003,-0.15200000000000002
1.086724482988659,-0.122,0.003,-0.11900000000000001
1.0879252835223479,-0.17200000000000004,0.003,-0.16900000000000004
1.0891260840560373,-0.17200000000000004,0.003,-0.16900000000000004
1.0903268845897265,-0.1180000000000001,0.003,-0.1150000000000001
1.0915276851234157,-0.15400000000000005,0.003,-0.15100000000000002
1.092728485657105,-0.1110000000000001,0.003,-0.1080000000000001
1.093929286190794,-0.1070000000000001,0.003,-0.10400000000000008
1.0951300867244829,-0.14900000000000002,0.003,-0.14600000000000002
1.096330887258172,-0.10299999999999998,0.003,-0.09999999999999998
1.0975316877918613,-0.15100000000000013,0.003,-0.14800000000000013
1.0987324883255505,-0.11800000000000001,0.003,-0.115
1.0999332888592397,-0.1140000000000001,0.003,-0.1110000000000001
1.1011340893929285,-0.10099999999999998,0.003,-0.09799999999999998
1.1023348899266177,-0.117,0.003,-0.114
1.1035356904603069,-0.15900000000000014,0.003,-0.15600000000000014
1.1047364909939958,-0.10699999999999997,0.003,-0.10399999999999998
1.105937291527685,-0.1280000000000001,0.003,-0.1250000000000001
1.1071380920613745,-0.10399999999999998,0.003,-0.10099999999999998
1.1083388925950632,-0.14200000000000013,0.003,-0.13900000000000012
1.1095396931287524,-0.0970000000000002,0.003,-0.0940000000000002
1.1107404936624417,-0.08900000000000019,0.003,-0.08600000000000019
1.1119412941961306,-0.13900000000000012,0.003,-0.13600000000000012
1.1131420947298198,-0.07600000000000008,0.003,-0.07300000000000006
1.1143428952635088,-0.139,0.003,-0.136
1.115543695797198,-0.09400000000000007,0.003,-0.09100000000000008
1.1167444963308872,-0.08099999999999996,0.003,-0.07799999999999996
1.1179452968645762,-0.1100000000000001,0.003,-0.1070000000000001
1.1191460973982654,-0.08299999999999996,0.003,-0.07999999999999996
1.1203468979319546,-0.1010000000000002,0.003,-0.0980000000000002
1.1215476984656436,-0.10699999999999997,0.003,-0.10399999999999998
1.1227484989993328,-0.07800000000000007,0.003,-0.07500000000000008
1.123949299533022,-0.08400000000000007,0.003,-0.08100000000000007
1.125150100066711,-0.1090000000000002,0.003,-0.1060000000000002
1.1263509006004002,-0.12100000000000022,0.003,-0.11800000000000023
1.1275517011340894,-0.07200000000000006,0.003,-0.06900000000000006
1.1287525016677784,-0.11900000000000001,0.003,-0.116
1.1299533022014676,-0.08199999999999985,0.003,-0.07899999999999985
1.1311541027351566,-0.06699999999999995,0.003,-0.06399999999999995
1.1323549032688458,-0.07799999999999985,0.003,-0.07499999999999983
1.133555703802535,-0.059999999999999824,0.003,-0.05699999999999982
1.134756504336224,-0.07800000000000007,0.003,-0.07500000000000008
1.1359573048699132,-0.06499999999999995,0.003,-0.06199999999999994
1.1371581054036024,-0.061999999999999826,0.003,-0.05899999999999982
1.1383589059372914,-0.06899999999999995,0.003,-0.06599999999999995
1.1395597064709806,-0.06000000000000005,0.003,-0.05700000000000005
1.1407605070046698,-0.11199999999999988,0.003,-0.10899999999999987
1.1419613075383588,-0.06299999999999993,0.003,-0.059999999999999935
1.1431621080720478,-0.055999999999999835,0.003,-0.05299999999999983
1.1443629086057372,-0.09299999999999996,0.003,-0.08999999999999997
1.1455637091394262,-0.09000000000000008,0.003,-0.08700000000000008
1.1467645096731154,-0.109,0.003,-0.10599999999999997
1.1479653102068044,-0.04499999999999993,0.003,-0.041999999999999926
1.1491661107404936,-0.10099999999999998,0.003,-0.09799999999999998
1.1503669112741828,-0.042999999999999934,0.003,-0.039999999999999925
1.1515677118078718,-0.10199999999999987,0.003,-0.09899999999999988
1.152768512341561,-0.04699999999999993,0.003,-0.04399999999999993
1.1539693128752502,-0.060999999999999936,0.003,-0.05799999999999994
1.1551701134089392,-0.04399999999999982,0.003,-0.04099999999999981
1.1563709139426284,-0.03999999999999981,0.003,-0.03699999999999981
1.1575717144763176,-0.033999999999999815,0.003,-0.030999999999999812
1.1587725150100066,-0.05699999999999994,0.003,-0.05399999999999994
1.1599733155436958,-0.07199999999999984,0.003,-0.06899999999999984
1.1611741160773847,-0.08299999999999996,0.003,-0.07999999999999996
1.162374916611074,-0.049999999999999815,0.003,-0.04699999999999982
1.1635757171447632,-0.03599999999999981,0.003,-0.032999999999999814
1.164776517678452,-0.029000000000000137,0.003,-0.026000000000000138
1.1659773182121411,-0.02100000000000013,0.003,-0.01800000000000013
1.1671781187458306,-0.03899999999999992,0.003,-0.03599999999999992
1.1683789192795195,-0.03100000000000014,0.003,-0.02800000000000014
1.1695797198132087,-0.09099999999999996,0.003,-0.08799999999999998
1.170780520346898,-0.07800000000000007,0.003,-0.07500000000000008
1.171981320880587,-0.030000000000000027,0.003,-0.027000000000000027
1.173182121414276,-0.026000000000000027,0.003,-0.023000000000000024
1.1743829219479651,-0.026000000000000027,0.003,-0.023000000000000024
1.1755837224816543,-0.03100000000000014,0.003,-0.02800000000000014
1.1767845230153435,-0.06899999999999995,0.003,-0.06599999999999995
1.1779853235490323,-0.07200000000000006,0.003,-0.06900000000000006
1.1791861240827215,-0.07099999999999995,0.003,-0.06799999999999995
1.180386924616411,-0.020000000000000014,0.003,-0.01700000000000002
1.1815877251501001,-0.07099999999999995,0.003,-0.06799999999999995
1.1827885256837891,-0.03299999999999992,0.003,-0.02999999999999992
1.1839893262174783,-0.029000000000000137,0.003,-0.026000000000000138
1.1851901267511673,-0.017000000000000126,0.003,-0.014000000000000129
1.1863909272848563,-0.042999999999999934,0.003,-0.039999999999999925
1.1875917278185455,-0.010000000000000007,0.003,-0.00700000000000001
1.1887925283522347,-0.05400000000000005,0.003,-0.05100000000000005
1.1899933288859241,-0.0050000000000001155,0.003,-0.002000000000000116
1.1911941294196131,-0.06799999999999984,0.003,-0.06499999999999984
1.192394929953302,-0.02700000000000013,0.003,-0.024000000000000136
1.1935957304869913,-0.037000000000000144,0.003,-0.034000000000000134
1.1947965310206805,-0.01100000000000012,0.003,-0.008000000000000122
1.1959973315543695,-0.07000000000000006,0.003,-0.06700000000000006
1.1971981320880587,-0.05200000000000005,0.003,-0.04900000000000005
1.1983989326217477,-0.0040000000000000036,0.003,-0.0010000000000000037
1.1995997331554369,-0.058999999999999934,0.003,-0.05599999999999994
1.2008005336891259,-0.001000000000000112,0.003,0.0019999999999998877
1.2020013342228149,-0.05600000000000005,0.003,-0.05300000000000005
1.2032021347565045,-0.02200000000000002,0.003,-0.01900000000000002
1.2044029352901937,-0.060999999999999936,0.003,-0.05799999999999994
1.2056037358238825,-0.02700000000000013,0.003,-0.024000000000000136
1.2068045363575717,0.0,0.003,0.003
1.2080053368912609,-0.0030000000000001137,0.003,-1.1362438767648086e-16
1.20920613742495,-0.02200000000000002,0.003,-0.01900000000000002
1.210406937958639,0.001000000000000112,0.003,0.004000000000000112
1.2116077384923278,0.002999999999999892,0.003,0.005999999999999893
1.2128085390260173,0.0060000000000000045,0.003,0.009000000000000005
1.2140093395597065,0.002999999999999892,0.003,0.005999999999999893
1.2152101400933957,0.0050000000000001155,0.003,0.008000000000000116
1.2164109406270849,-0.04600000000000004,0.003,-0.04300000000000004
1.217611741160774,-0.04699999999999993,0.003,-0.04399999999999993
1.2188125416944628,-0.04600000000000004,0.003,-0.04300000000000004
1.220013342228152,-0.035000000000000135,0.003,-0.03200000000000014
1.2212141427618413,-0.02500000000000013,0.003,-0.02200000000000013
1.2224149432955302,-0.016000000000000014,0.003,-0.013000000000000015
1.2236157438292194,0.009000000000000119,0.003,0.012000000000000118
1.2248165443629084,-0.04200000000000004,0.003,-0.039000000000000035
1.2260173448965976,-0.04899999999999993,0.003,-0.04599999999999993
1.2272181454302868,-0.008000000000000007,0.003,-0.005000000000000007
1.2284189459639758,-0.00099999999999989,0.003,0.00200000000000011
1.229619746497665,0.010000000000000007,0.003,0.013000000000000008
1.2308205470313542,-0.029000000000000137,0.003,-0.026000000000000138
1.2320213475650432,0.020000000000000014,0.003,0.023000000000000017
1.2332221480987324,-0.014000000000000012,0.003,-0.011000000000000013
1.2344229486324216,-0.03600000000000003,0.003,-0.03300000000000003
1.2356237491661106,0.018000000000000016,0.003,0.02100000000000001
1.2368245496997998,-0.012000000000000009,0.003,-0.009000000000000011
1.2380253502334888,0.0259999999999998,0.003,0.0289999999999998
1.239226150767178,0.016000000000000014,0.003,0.019000000000000013
1.2404269513008672,0.016000000000000014,0.003,0.019000000000000013
1.2416277518345562,-0.03200000000000003,0.003,-0.029000000000000033
1.2428285523682454,0.027999999999999803,0.003,0.0309999999999998
1.2440293529019346,0.00099999999999989,0.003,0.00399999999999989
1.2452301534356236,0.016999999999999904,0.003,0.019999999999999903
1.2464309539693128,-0.024000000000000018,0.003,-0.021000000000000026
1.247631754503002,0.018999999999999902,0.003,0.0219999999999999
1.248832555036691,-0.026000000000000027,0.003,-0.023000000000000024
1.2500333555703802,0.016999999999999904,0.003,0.019999999999999903
1.2512341561040694,0.017999999999999794,0.003,0.020999999999999797
1.2524349566377584,-0.020000000000000014,0.003,-0.01700000000000002
1.2536357571714476,-0.037000000000000144,0.003,-0.034000000000000134
1.2548365577051366,0.02299999999999991,0.003,0.02599999999999991
1.2560373582388258,0.02099999999999991,0.003,0.02399999999999991
1.257238158772515,0.02300000000000013,0.003,0.02600000000000013
1.2584389593062042,-0.014999999999999902,0.003,-0.011999999999999905
1.2596397598398932,-0.0129999999999999,0.003,-0.0099999999999999
1.2608405603735824,-0.028999999999999918,0.003,-0.02599999999999992
1.2620413609072714,0.001000000000000112,0.003,0.004000000000000112
1.2632421614409606,-0.027999999999999803,0.003,-0.024999999999999804
1.2644429619746498,-0.00099999999999989,0.003,0.00200000000000011
1.2656437625083388,0.02700000000000013,0.003,0.03000000000000013
1.2668445630420282,0.0,0.003,0.003
1.268045363575717,-0.018000000000000016,0.003,-0.015000000000000015
1.2692461641094062,-0.014999999999999902,0.003,-0.011999999999999905
1.2704469646430954,-0.016000000000000014,0.003,-0.013000000000000015
1.2716477651767844,0.026000000000000027,0.003,0.029000000000000026
1.2728485657104736,0.040000000000000036,0.003,0.04300000000000004
1.2740493662441628,0.03400000000000003,0.003,0.03700000000000003
1.2752501667778515,-0.027999999999999803,0.003,-0.024999999999999804
1.276450967311541,0.04200000000000004,0.003,0.04500000000000004
1.2776517678452302,-0.020000000000000014,0.003,-0.01700000000000002
1.2788525683789191,-0.008000000000000007,0.003,-0.005000000000000007
1.2800533689126083,-0.02299999999999991,0.003,-0.01999999999999991
1.2812541694462976,-0.014999999999999902,0.003,-0.011999999999999905
1.2824549699799863,-0.009000000000000119,0.003,-0.006000000000000119
1.2836557705136755,-0.026000000000000027,0.003,-0.023000000000000024
1.2848565710473647,-0.008999999999999897,0.003,-0.005999999999999897
1.286057371581054,0.024999999999999908,0.003,0.02799999999999991
1.2872581721147431,-0.017000000000000126,0.003,-0.014000000000000129
1.288458972648432,-0.014999999999999902,0.003,-0.011999999999999905
1.289659773182121,0.04400000000000004,0.003,0.047000000000000035
1.2908605737158103,-0.014000000000000012,0.003,-0.011000000000000013
1.2920613742494995,-0.002999999999999892,0.003,1.0842021724855043e-16
1.2932621747831887,0.024999999999999908,0.003,0.02799999999999991
1.294462975316878,-0.024999999999999908,0.003,-0.021999999999999912
1.2956637758505671,0.03600000000000003,0.003,0.039000000000000035
1.296864576384256,0.037000000000000144,0.003,0.04000000000000015
1.298065376917945,-0.018999999999999902,0.003,-0.01599999999999991
1.2992661774516343,-0.02099999999999991,0.003,-0.01799999999999991
1.3004669779853235,0.03699999999999992,0.003,0.039999999999999925
1.3016677785190125,0.03900000000000015,0.003,0.04200000000000015
1.3028685790527017,0.02700000000000013,0.003,0.03000000000000013
1.304069379586391,0.028000000000000025,0.003,0.031000000000000024
1.3052701801200801,0.04400000000000004,0.003,0.047000000000000035
1.306470980653769,0.04699999999999993,0.003,0.04999999999999993
1.3076717811874583,0.03600000000000003,0.003,0.039000000000000035
1.3088725817211473,0.03899999999999992,0.003,0.041999999999999926
1.3100733822548365,-0.010000000000000007,0.003,-0.00700000000000001
1.3112741827885257,-0.014999999999999902,0.003,-0.011999999999999905
1.312474983322215,0.03699999999999992,0.003,0.039999999999999925
1.3136757838559041,-0.012000000000000009,0.003,-0.009000000000000011
1.3148765843895929,0.014000000000000012,0.003,0.017000000000000008
1.3160773849232819,0.04100000000000015,0.003,0.04400000000000015
1.3172781854569713,-0.007000000000000117,0.003,-0.004000000000000117
1.3184789859906605,0.001000000000000112,0.003,0.004000000000000112
1.3196797865243497,0.030000000000000027,0.003,0.03300000000000003
1.320880587058039,0.0040000000000000036,0.003,0.007000000000000004
1.3220813875917277,0.03200000000000003,0.003,0.03500000000000003
1.3232821881254169,0.05000000000000005,0.003,0.05300000000000005
1.3244829886591059,0.04600000000000004,0.003,0.04900000000000005
1.3256837891927948,0.0,0.003,0.003
1.3268845897264845,0.02700000000000013,0.003,0.03000000000000013
1.3280853902601737,-0.002999999999999892,0.003,1.0842021724855043e-16
1.3292861907938625,0.05400000000000005,0.003,0.05700000000000005
1.3304869913275517,0.0049999999999998926,0.003,0.007999999999999894
1.3316877918612406,0.018000000000000016,0.003,0.02100000000000001
1.3328885923949298,0.048000000000000036,0.003,0.05100000000000005
1.334089392928619,-0.012000000000000009,0.003,-0.009000000000000011
1.3352901934623078,0.007000000000000117,0.003,0.010000000000000116
1.3364909939959972,0.042999999999999934,0.003,0.04599999999999993
1.3376917945296865,0.008999999999999897,0.003,0.011999999999999896
1.3388925950633754,0.05499999999999994,0.003,0.05799999999999994
1.3400933955970646,0.03099999999999992,0.003,0.03399999999999992
1.3412941961307538,0.04899999999999993,0.003,0.051999999999999935
1.3424949966644428,0.01100000000000012,0.003,0.01400000000000012
1.343695797198132,0.0129999999999999,0.003,0.0159999999999999
1.3448965977318212,0.04799999999999982,0.003,0.050999999999999816
1.3460973982655102,0.05499999999999994,0.003,0.05799999999999994
1.3472981987991994,0.06299999999999993,0.003,0.06599999999999995
1.3484989993328884,-0.0060000000000000045,0.003,-0.0030000000000000053
1.3496997998665776,0.012000000000000009,0.003,0.01500000000000001
1.3509006004002668,0.052999999999999936,0.003,0.05599999999999994
1.3521014009339558,0.052999999999999936,0.003,0.05599999999999994
1.3533022014676452,0.0020000000000000018,0.003,0.005000000000000003
1.3545030020013342,0.05400000000000005,0.003,0.05700000000000005
1.3557038025350232,0.04699999999999993,0.003,0.04999999999999993
1.3569046030687124,0.0040000000000000036,0.003,0.007000000000000004
1.3581054036024016,0.05799999999999982,0.003,0.060999999999999825
1.3593062041360906,0.051999999999999824,0.003,0.054999999999999834
1.3605070046697798,-0.008999999999999897,0.003,-0.005999999999999897
1.3617078052034688,0.06400000000000006,0.003,0.06700000000000006
1.362908605737158,0.016000000000000014,0.003,0.019000000000000013
1.3641094062708472,0.052999999999999936,0.003,0.05599999999999994
1.3653102068045362,0.015000000000000124,0.003,0.018000000000000124
1.3665110073382254,-0.0040000000000000036,0.003,-0.0010000000000000037
1.3677118078719146,0.015999999999999792,0.003,0.01899999999999979
1.3689126084056036,0.03699999999999992,0.003,0.039999999999999925
1.3701134089392928,0.0129999999999999,0.003,0.0159999999999999
1.371314209472982,-0.0040000000000000036,0.003,-0.0010000000000000037
1.372515010006671,0.016000000000000014,0.003,0.019000000000000013
1.3737158105403602,0.05499999999999994,0.003,0.05799999999999994
1.3749166110740494,0.0020000000000000018,0.003,0.005000000000000003
1.3761174116077384,0.03599999999999981,0.003,0.03899999999999981
1.3773182121414276,0.05499999999999994,0.003,0.05799999999999994
1.3785190126751166,-0.00099999999999989,0.003,0.00200000000000011
1.3797198132088058,0.05699999999999994,0.003,0.059999999999999935
1.3809206137424952,0.050999999999999934,0.003,0.05399999999999994
1.3821214142761842,-0.0060000000000000045,0.003,-0.0030000000000000053
1.3833222148098732,0.05600000000000005,0.003,0.05900000000000005
1.3845230153435624,0.03600000000000003,0.003,0.039000000000000035
1.3857238158772514,0.05700000000000016,0.003,0.060000000000000164
1.3869246164109406,0.002999999999999892,0.003,0.005999999999999893
1.3881254169446298,0.05499999999999994,0.003,0.05799999999999994
1.3893262174783187,0.018000000000000016,0.003,0.02100000000000001
1.3905270180120082,0.006999999999999895,0.003,0.009999999999999894
1.391727818545697,0.03099999999999992,0.003,0.03399999999999992
1.392928619079386,0.0020000000000000018,0.003,0.005000000000000003
1.3941294196130751,0.006999999999999895,0.003,0.009999999999999894
1.3953302201467643,0.028999999999999918,0.003,0.03199999999999992
1.3965310206804535,0.03299999999999992,0.003,0.03599999999999992
1.3977318212141427,0.060999999999999936,0.003,0.06399999999999995
1.3989326217478315,0.05800000000000005,0.003,0.06100000000000005
1.400133422281521,0.03600000000000003,0.003,0.039000000000000035
1.40133422281521,0.05200000000000005,0.003,0.05500000000000005
1.4025350233488991,0.05900000000000016,0.003,0.06200000000000016
1.4037358238825883,0.03299999999999992,0.003,0.03599999999999992
1.4049366244162775,0.05800000000000005,0.003,0.06100000000000005
1.4061374249499663,0.02100000000000013,0.003,0.024000000000000132
1.4073382254836555,0.06499999999999995,0.003,0.06799999999999995
1.4085390260173447,0.01100000000000012,0.003,0.01400000000000012
1.4097398265510341,0.008000000000000007,0.003,0.011000000000000006
1.4109406270847231,-0.0020000000000000018,0.003,0.0009999999999999985
1.4121414276184119,0.00099999999999989,0.003,0.00399999999999989
1.4133422281521013,0.06300000000000018,0.003,0.06600000000000017
1.4145430286857903,0.02100000000000013,0.003,0.024000000000000132
1.4157438292194795,0.04600000000000004,0.003,0.04900000000000005
1.4169446297531687,0.05600000000000005,0.003,0.05900000000000005
1.4181454302868581,0.05500000000000016,0.003,0.05800000000000016
1.4193462308205467,0.06699999999999995,0.003,0.06999999999999995
1.4205470313542357,0.06299999999999993,0.003,0.06599999999999995
1.4217478318879249,0.010000000000000007,0.003,0.013000000000000008
1.4229486324216143,-0.0030000000000001137,0.003,-1.1362438767648086e-16
1.4241494329553035,0.06500000000000017,0.003,0.06800000000000017
1.4253502334889925,0.06500000000000017,0.003,0.06800000000000017
1.4265510340226817,0.03699999999999992,0.003,0.039999999999999925
1.427751834556371,0.0020000000000000018,0.003,0.005000000000000003
1.42895263509006,0.03200000000000003,0.003,0.03500000000000003
1.4301534356237489,0.06500000000000017,0.003,0.06800000000000017
1.4313542361574385,0.06000000000000005,0.003,0.06300000000000006
1.4325550366911273,0.05499999999999994,0.003,0.05799999999999994
1.4337558372248165,0.040000000000000036,0.003,0.04300000000000004
1.4349566377585057,0.05100000000000016,0.003,0.054000000000000166
1.4361574382921949,0.05800000000000005,0.003,0.06100000000000005
1.437358238825884,0.06500000000000017,0.003,0.06800000000000017
1.4385590393595729,0.0030000000000001137,0.003,0.006000000000000114
1.439759839893262,0.06200000000000005,0.003,0.06500000000000006
1.4409606404269513,0.04499999999999993,0.003,0.04799999999999993
1.4421614409606405,0.05499999999999994,0.003,0.05799999999999994
1.4433622414943297,0.008000000000000007,0.003,0.011000000000000006
1.4445630420280189,0.06699999999999995,0.003,0.06999999999999995
1.4457638425617076,0.06000000000000005,0.003,0.06300000000000006
1.4469646430953969,0.05200000000000005,0.003,0.05500000000000005
1.448165443629086,0.03899999999999992,0.003,0.041999999999999926
1.449366244162775,0.008000000000000007,0.003,0.011000000000000006
1.4505670446964642,0.02099999999999991,0.003,0.02399999999999991
1.4517678452301537,0.02299999999999991,0.003,0.02599999999999991
1.4529686457638424,0.009000000000000119,0.003,0.012000000000000118
1.4541694462975316,0.05799999999999982,0.003,0.060999999999999825
1.4553702468312206,0.059999999999999824,0.003,0.06299999999999982
1.4565710473649098,0.0020000000000000018,0.003,0.005000000000000003
1.4577718478985993,0.052999999999999936,0.003,0.05599999999999994
1.4589726484322882,0.06000000000000005,0.003,0.06300000000000006
1.4601734489659772,0.06499999999999995,0.003,0.06799999999999995
1.4613742494996664,0.07099999999999995,0.003,0.07399999999999995
1.4625750500333554,0.02300000000000013,0.003,0.02600000000000013
1.4637758505670446,0.016999999999999904,0.003,0.019999999999999903
1.4649766511007338,0.03600000000000003,0.003,0.039000000000000035
1.4661774516344228,0.040000000000000036,0.003,0.04300000000000004
1.4673782521681118,0.04699999999999993,0.003,0.04999999999999993
1.468579052701801,0.055999999999999835,0.003,0.05899999999999982
1.4697798532354902,0.0109999999999999,0.003,0.013999999999999898
1.4709806537691794,0.017000000000000126,0.003,0.020000000000000125
1.4721814543028684,0.008999999999999897,0.003,0.011999999999999896
1.4733822548365576,0.04499999999999993,0.003,0.04799999999999993
1.4745830553702468,0.026000000000000027,0.003,0.029000000000000026
1.4757838559039358,0.017000000000000126,0.003,0.020000000000000125
1.476984656437625,0.05800000000000005,0.003,0.06100000000000005
1.4781854569713142,0.0020000000000000018,0.003,0.005000000000000003
1.4793862575050032,0.060999999999999936,0.003,0.06399999999999995
1.4805870580386924,0.040000000000000036,0.003,0.04300000000000004
1.4817878585723816,0.015000000000000124,0.003,0.018000000000000124
1.4829886591060706,0.061999999999999826,0.003,0.06499999999999984
1.4841894596397598,0.02099999999999991,0.003,0.02399999999999991
1.4853902601734488,0.0049999999999998926,0.003,0.007999999999999894
1.4865910607071382,0.0020000000000000018,0.003,0.005000000000000003
1.4877918612408272,0.06899999999999995,0.003,0.07199999999999995
1.4889926617745162,0.033999999999999815,0.003,0.03699999999999981
1.4901934623082054,0.042999999999999934,0.003,0.04599999999999993
1.4913942628418946,0.061999999999999826,0.003,0.06499999999999984
1.4925950633755836,0.012000000000000009,0.003,0.01500000000000001
1.4937958639092728,0.03799999999999981,0.003,0.04099999999999981
1.4949966644429618,0.010000000000000007,0.003,0.013000000000000008
1.4961974649766507,0.02299999999999991,0.003,0.02599999999999991
1.4973982655103402,0.06400000000000006,0.003,0.06700000000000006
1.4985990660440294,0.03299999999999992,0.003,0.03599999999999992
1.4997998665777184,0.07000000000000006,0.003,0.07300000000000006
1.5010006671114076,0.048000000000000036,0.003,0.05100000000000005
1.5022014676450963,0.02099999999999991,0.003,0.02399999999999991
1.5034022681787858,0.017999999999999794,0.003,0.020999999999999797
1.504603068712475,0.06699999999999995,0.003,0.06999999999999995
1.505803869246164,0.012000000000000009,0.003,0.01500000000000001
1.5070046697798531,0.06400000000000006,0.003,0.06700000000000006
1.5082054703135424,0.02200000000000002,0.003,0.02500000000000002
1.5094062708472311,0.06600000000000006,0.003,0.06900000000000006
1.5106070713809203,0.03900000000000015,0.003,0.04200000000000015
1.5118078719146095,0.013000000000000124,0.003,0.016000000000000122
1.5130086724482987,0.06600000000000006,0.003,0.06900000000000006
1.514209472981988,0.0040000000000000036,0.003,0.007000000000000004
1.515410273515677,0.05200000000000005,0.003,0.05500000000000005
1.516611074049366,0.07300000000000018,0.003,0.07600000000000018
1.517811874583055,0.04900000000000016,0.003,0.052000000000000164
1.5190126751167443,0.050999999999999934,0.003,0.05399999999999994
1.5202134756504335,0.05700000000000016,0.003,0.060000000000000164
1.5214142761841227,0.026000000000000027,0.003,0.029000000000000026
1.5226150767178117,0.06200000000000005,0.003,0.06500000000000006
1.5238158772515011,0.06499999999999995,0.003,0.06799999999999995
1.52501667778519,0.06000000000000005,0.003,0.06300000000000006
1.526217478318879,0.048000000000000036,0.003,0.05100000000000005
1.5274182788525683,0.0060000000000000045,0.003,0.009000000000000005
1.5286190793862575,0.06499999999999995,0.003,0.06799999999999995
1.5298198799199465,0.006999999999999895,0.003,0.009999999999999894
1.5310206804536357,0.06400000000000006,0.003,0.06700000000000006
1.5322214809873247,0.06699999999999995,0.003,0.06999999999999995
1.5334222815210143,0.038000000000000034,0.003,0.041000000000000036
1.5346230820547033,0.028999999999999918,0.003,0.03199999999999992
1.5358238825883919,0.06400000000000006,0.003,0.06700000000000006
1.5370246831220813,0.06700000000000017,0.003,0.07000000000000017
1.5382254836557705,0.07100000000000017,0.003,0.07400000000000018
1.5394262841894597,0.04699999999999993,0.003,0.04999999999999993
1.540627084723149,0.016000000000000014,0.003,0.019000000000000013
1.5418278852568381,0.010000000000000007,0.003,0.013000000000000008
1.5430286857905269,0.060999999999999936,0.003,0.06399999999999995
1.5442294863242159,0.05200000000000005,0.003,0.05500000000000005
1.545430286857905,0.06200000000000005,0.003,0.06500000000000006
1.5466310873915945,0.018000000000000016,0.003,0.02100000000000001
1.5478318879252837,0.06299999999999993,0.003,0.06599999999999995
1.5490326884589725,0.006999999999999895,0.003,0.009999999999999894
1.5502334889926617,0.040000000000000036,0.003,0.04300000000000004
1.5514342895263509,0.048000000000000036,0.003,0.05100000000000005
1.55263509006004,0.04899999999999993,0.003,0.051999999999999935
1.553835890593729,0.06500000000000017,0.003,0.06800000000000017
1.5550366911274185,0.03899999999999992,0.003,0.041999999999999926
1.5562374916611073,0.06499999999999995,0.003,0.06799999999999995
1.5574382921947965,0.05699999999999994,0.003,0.059999999999999935
1.5586390927284857,0.06800000000000006,0.003,0.07100000000000006
1.5598398932621746,0.0109999999999999,0.003,0.013999999999999898
1.561040693795864,0.05800000000000005,0.003,0.06100000000000005
1.5622414943295528,0.06800000000000006,0.003,0.07100000000000006
1.5634422948632418,0.0050000000000001155,0.003,0.008000000000000116
1.5646430953969312,0.018000000000000016,0.003,0.02100000000000001
1.5658438959306202,0.028000000000000025,0.003,0.031000000000000024
1.5670446964643094,0.06000000000000005,0.003,0.06300000000000006
1.5682454969979986,0.06000000000000005,0.003,0.06300000000000006
1.5694462975316876,0.04700000000000015,0.003,0.05000000000000016
1.5706470980653768,0.06699999999999995,0.003,0.06999999999999995
1.5718478985990658,0.016000000000000014,0.003,0.019000000000000013
1.5730486991327548,0.029000000000000137,0.003,0.03200000000000014
1.5742494996664442,0.07599999999999985,0.003,0.07899999999999985
1.5754503002001332,0.06299999999999993,0.003,0.06599999999999995
1.5766511007338224,0.012000000000000009,0.003,0.01500000000000001
1.5778519012675116,0.04400000000000004,0.003,0.047000000000000035
1.5790527018012006,0.013000000000000124,0.003,0.016000000000000122
1.5802535023348898,0.03900000000000015,0.003,0.04200000000000015
1.581454302868579,0.024999999999999908,0.003,0.02799999999999991
1.582655103402268,0.02200000000000002,0.003,0.02500000000000002
1.5838559039359572,0.02500000000000013,0.003,0.02800000000000013
1.5850567044696464,0.06800000000000006,0.003,0.07100000000000006
1.5862575050033354,0.05499999999999994,0.003,0.05799999999999994
1.5874583055370246,0.060999999999999936,0.003,0.06399999999999995
1.5886591060707138,0.06299999999999993,0.003,0.06599999999999995
1.5898599066044028,0.06800000000000006,0.003,0.07100000000000006
1.591060707138092,0.06499999999999995,0.003,0.06799999999999995
1.592261507671781,0.04499999999999993,0.003,0.04799999999999993
1.5934623082054702,0.028000000000000025,0.003,0.031000000000000024
1.5946631087391594,0.008000000000000007,0.003,0.011000000000000006
1.5958639092728484,0.06400000000000006,0.003,0.06700000000000006
1.5970647098065376,0.07399999999999984,0.003,0.07699999999999985
1.5982655103402268,0.04400000000000004,0.003,0.047000000000000035
1.5994663108739158,0.055999999999999835,0.003,0.05899999999999982
1.6006671114076052,0.04399999999999982,0.003,0.04699999999999982
1.6018679119412942,0.06699999999999995,0.003,0.06999999999999995
1.6030687124749832,0.013000000000000124,0.003,0.016000000000000122
1.6042695130086724,0.051999999999999824,0.003,0.054999999999999834
1.6054703135423616,0.06899999999999995,0.003,0.07199999999999995
1.6066711140760506,0.0060000000000000045,0.003,0.009000000000000005
1.6078719146097398,0.02200000000000002,0.003,0.02500000000000002
1.6090727151434288,0.06400000000000006,0.003,0.06700000000000006
1.6102735156771184,0.0030000000000001137,0.003,0.006000000000000114
1.6114743162108072,0.06400000000000006,0.003,0.06700000000000006
1.6126751167444962,0.02200000000000002,0.003,0.02500000000000002
1.6138759172781854,0.06899999999999995,0.003,0.07199999999999995
1.6150767178118746,0.024999999999999908,0.003,0.02799999999999991
1.6162775183455635,0.048000000000000036,0.003,0.05100000000000005
1.6174783188792528,0.04400000000000004,0.003,0.047000000000000035
1.618679119412942,0.06600000000000006,0.003,0.06900000000000006
1.619879919946631,0.0129999999999999,0.003,0.0159999999999999
1.62108072048032,0.0219999999999998,0.003,0.0249999999999998
1.6222815210140091,0.06600000000000006,0.003,0.06900000000000006
1.6234823215476983,0.060999999999999936,0.003,0.06399999999999995
1.6246831220813875,0.04899999999999993,0.003,0.051999999999999935
1.6258839226150763,0.028000000000000025,0.003,0.031000000000000024
1.6270847231487655,0.07200000000000006,0.003,0.07500000000000008
1.6282855236824552,0.02099999999999991,0.003,0.02399999999999991
1.6294863242161441,0.052999999999999936,0.003,0.05599999999999994
1.6306871247498331,0.06599999999999984,0.003,0.06899999999999984
1.6318879252835223,0.07499999999999996,0.003,0.07799999999999996
1.633088725817211,0.06400000000000006,0.003,0.06700000000000006
1.6342895263509003,0.04600000000000004,0.003,0.04900000000000005
1.6354903268845895,0.06900000000000017,0.003,0.07200000000000017
1.6366911274182787,0.03899999999999992,0.003,0.041999999999999926
1.637891927951968,0.07000000000000006,0.003,0.07300000000000006
1.639092728485657,0.048000000000000036,0.003,0.05100000000000005
1.6402935290193459,0.008000000000000007,0.003,0.011000000000000006
1.641494329553035,0.024999999999999908,0.003,0.02799999999999991
1.6426951300867243,0.006999999999999895,0.003,0.009999999999999894
1.6438959306204135,0.02300000000000013,0.003,0.02600000000000013
1.6450967311541027,0.03299999999999992,0.003,0.03599999999999992
1.6462975316877917,0.024000000000000018,0.003,0.027000000000000017
1.647498332221481,0.024000000000000018,0.003,0.027000000000000017
1.6486991327551699,0.03200000000000003,0.003,0.03500000000000003
1.649899933288859,0.06299999999999993,0.003,0.06599999999999995
1.6511007338225483,0.05699999999999994,0.003,0.059999999999999935
1.6523015343562375,0.009000000000000119,0.003,0.012000000000000118
1.6535023348899265,0.07400000000000008,0.003,0.07700000000000007
1.6547031354236157,0.04400000000000004,0.003,0.047000000000000035
1.655903935957305,0.04600000000000004,0.003,0.04900000000000005
1.657104736490994,0.016000000000000014,0.003,0.019000000000000013
1.658305537024683,0.015000000000000124,0.003,0.018000000000000124
1.6595063375583716,0.07000000000000006,0.003,0.07300000000000006
1.6607071380920613,0.06499999999999995,0.003,0.06799999999999995
1.6619079386257505,0.06400000000000006,0.003,0.06700000000000006
1.6631087391594397,0.05800000000000005,0.003,0.06100000000000005
1.664309539693129,0.05100000000000016,0.003,0.054000000000000166
1.665510340226818,0.015000000000000124,0.003,0.018000000000000124
1.6667111407605069,0.040000000000000036,0.003,0.04300000000000004
1.6679119412941958,0.01100000000000012,0.003,0.01400000000000012
1.6691127418278848,0.03299999999999992,0.003,0.03599999999999992
1.6703135423615745,0.02300000000000013,0.003,0.02600000000000013
1.6715143428952637,0.06200000000000005,0.003,0.06500000000000006
1.6727151434289524,0.07400000000000008,0.003,0.07700000000000007
1.6739159439626417,0.06899999999999995,0.003,0.07199999999999995
1.6751167444963309,0.024000000000000018,0.003,0.027000000000000017
1.6763175450300198,0.026999999999999916,0.003,0.029999999999999912
1.6775183455637088,0.048000000000000036,0.003,0.05100000000000005
1.6787191460973985,0.05800000000000005,0.003,0.06100000000000005
1.6799199466310872,0.05200000000000005,0.003,0.05500000000000005
1.6811207471647764,0.06800000000000006,0.003,0.07100000000000006
1.6823215476984656,0.07300000000000018,0.003,0.07600000000000018
1.6835223482321546,0.05699999999999994,0.003,0.059999999999999935
1.6847231487658438,0.0060000000000000045,0.003,0.009000000000000005
1.6859239492995328,0.06200000000000005,0.003,0.06500000000000006
1.687124749833222,0.07199999999999984,0.003,0.07499999999999983
1.6883255503669112,0.06700000000000017,0.003,0.07000000000000017
1.6895263509006002,0.026000000000000027,0.003,0.029000000000000026
1.6907271514342894,0.042999999999999934,0.003,0.04599999999999993
1.6919279519679786,0.02700000000000013,0.003,0.03000000000000013
1.6931287525016676,0.02100000000000013,0.003,0.024000000000000132
1.6943295530353568,0.006999999999999895,0.003,0.009999999999999894
1.695530353569046,0.04300000000000015,0.003,0.04600000000000015
1.6967311541027352,0.042999999999999934,0.003,0.04599999999999993
1.6979319546364242,0.07499999999999996,0.003,0.07799999999999996
1.6991327551701132,0.07499999999999996,0.003,0.07799999999999996
1.7003335557038024,0.05000000000000005,0.003,0.05300000000000005
1.7015343562374916,0.05400000000000005,0.003,0.05700000000000005
1.7027351567711806,0.01100000000000012,0.003,0.01400000000000012
1.7039359573048698,0.05100000000000016,0.003,0.054000000000000166
1.7051367578385592,0.018999999999999902,0.003,0.0219999999999999
1.7063375583722482,0.04500000000000015,0.003,0.04800000000000016
1.7075383589059372,0.06499999999999995,0.003,0.06799999999999995
1.7087391594396264,0.04500000000000015,0.003,0.04800000000000016
1.7099399599733154,0.018000000000000016,0.003,0.02100000000000001
1.7111407605070046,0.026999999999999916,0.003,0.029999999999999912
1.7123415610406938,0.050999999999999934,0.003,0.05399999999999994
1.7135423615743828,0.03099999999999992,0.003,0.03399999999999992
1.7147431621080718,0.07000000000000006,0.003,0.07300000000000006
1.715943962641761,0.04899999999999993,0.003,0.051999999999999935
1.7171447631754502,0.06699999999999995,0.003,0.06999999999999995
1.7183455637091394,0.04699999999999993,0.003,0.04999999999999993
1.7195463642428284,0.06400000000000006,0.003,0.06700000000000006
1.7207471647765176,0.07499999999999996,0.003,0.07799999999999996
1.7219479653102068,0.07200000000000006,0.003,0.07500000000000008
1.7231487658438958,0.01100000000000012,0.003,0.01400000000000012
1.724349566377585,0.07299999999999995,0.003,0.07599999999999996
1.7255503669112742,0.07699999999999996,0.003,0.07999999999999996
1.7267511674449632,0.03099999999999992,0.003,0.03399999999999992
1.7279519679786524,0.02200000000000002,0.003,0.02500000000000002
1.7291527685123411,0.010000000000000007,0.003,0.013000000000000008
1.7303535690460303,0.028999999999999918,0.003,0.03199999999999992
1.7315543695797198,0.07799999999999985,0.003,0.08099999999999985
1.7327551701134087,0.007000000000000117,0.003,0.010000000000000116
1.7339559706470982,0.058999999999999934,0.003,0.06199999999999994
1.7351567711807871,0.06699999999999995,0.003,0.06999999999999995
1.736357571714476,0.0060000000000000045,0.003,0.009000000000000005
1.7375583722481651,0.024999999999999908,0.003,0.02799999999999991
1.7387591727818543,0.06599999999999984,0.003,0.06899999999999984
1.7399599733155435,0.04600000000000004,0.003,0.04900000000000005
1.7411607738492327,0.06699999999999995,0.003,0.06999999999999995
1.7423615743829217,0.013000000000000124,0.003,0.016000000000000122
1.7435623749166107,0.06800000000000006,0.003,0.07100000000000006
1.7447631754503,0.040999999999999925,0.003,0.04399999999999993
1.7459639759839891,0.06299999999999993,0.003,0.06599999999999995
1.7471647765176783,0.06699999999999995,0.003,0.06999999999999995
1.7483655770513675,0.06799999999999984,0.003,0.07099999999999984
1.7495663775850565,0.026999999999999916,0.003,0.029999999999999912
1.7507671781187455,0.0239999999999998,0.003,0.0269999999999998
1.751967978652435,0.0239999999999998,0.003,0.0269999999999998
1.753168779186124,0.05000000000000005,0.003,0.05300000000000005
1.754369579719813,0.07400000000000008,0.003,0.07700000000000007
1.7555703802535023,0.024999999999999908,0.003,0.02799999999999991
1.7567711807871913,0.06699999999999995,0.003,0.06999999999999995
1.7579719813208805,0.012000000000000009,0.003,0.01500000000000001
1.7591727818545695,0.008000000000000007,0.003,0.011000000000000006
1.7603735823882587,0.06699999999999995,0.003,0.06999999999999995
1.7615743829219481,0.05800000000000005,0.003,0.06100000000000005
1.7627751834556369,0.05900000000000016,0.003,0.06200000000000016
1.763975983989326,0.05200000000000005,0.003,0.05500000000000005
1.7651767845230153,0.04500000000000015,0.003,0.04800000000000016
1.7663775850567045,0.07099999999999995,0.003,0.07399999999999995
1.7675783855903937,0.07000000000000006,0.003,0.07300000000000006
1.7687791861240827,0.008999999999999897,0.003,0.011999999999999896
1.7699799866577717,0.05200000000000005,0.003,0.05500000000000005
1.7711807871914609,0.06299999999999993,0.003,0.06599999999999995
1.77238158772515,0.06600000000000006,0.003,0.06900000000000006
1.7735823882588393,0.06499999999999995,0.003,0.06799999999999995
1.7747831887925285,0.015000000000000124,0.003,0.018000000000000124
1.7759839893262173,0.06699999999999995,0.003,0.06999999999999995
1.7771847898599065,0.016000000000000014,0.003,0.019000000000000013
1.7783855903935957,0.028000000000000025,0.003,0.031000000000000024
1.7795863909272849,0.06899999999999995,0.003,0.07199999999999995
1.780787191460974,0.04600000000000004,0.003,0.04900000000000005
1.7819879919946633,0.05800000000000005,0.003,0.06100000000000005
1.7831887925283518,0.019000000000000128,0.003,0.022000000000000127
1.7843895930620413,0.038000000000000034,0.003,0.041000000000000036
1.7855903935957305,0.040000000000000036,0.003,0.04300000000000004
1.7867911941294194,0.04200000000000004,0.003,0.04500000000000004
1.7879919946631089,0.020000000000000014,0.003,0.023000000000000017
1.789192795196798,0.06200000000000005,0.003,0.06500000000000006
1.7903935957304868,0.06899999999999995,0.003,0.07199999999999995
1.791594396264176,0.05200000000000005,0.003,0.05500000000000005
1.792795196797865,0.04499999999999993,0.003,0.04799999999999993
1.7939959973315542,0.07400000000000008,0.003,0.07700000000000007
1.7951967978652434,0.03899999999999992,0.003,0.041999999999999926
1.7963975983989324,0.03300000000000014,0.003,0.036000000000000136
1.7975983989326216,0.008000000000000007,0.003,0.011000000000000006
1.7987991994663108,0.06500000000000017,0.003,0.06800000000000017
1.8,0.008999999999999897,0.003,0.011999999999999896
